time,source,dest,protocol,size,description,website
1.203300728,172.28.0.2,192.168.65.7,DNS,76,Standard query 0x18aa A www.facebook.com,facebook
1.245121573,192.168.65.7,172.28.0.2,DNS,176,Standard query response 0x18aa A www.facebook.com CNAME star-mini.c10r.facebook.com A 157.240.229.35,facebook
1.245816080,172.28.0.2,157.240.229.35,TCP,74,47864 → 443 [SYN] Seq=0 Win=64240 Len=0 MSS=1460 SACK_PERM=1 TSval=1154248312 TSecr=0 WS=128,facebook
1.247999342,157.240.229.35,172.28.0.2,TCP,74,"443 → 47864 [SYN, ACK] Seq=0 Ack=1 Win=29184 Len=0 MSS=1460 TSval=3948657346 TSecr=1154248312 WS=32",facebook
1.248058794,172.28.0.2,157.240.229.35,TCP,66,47864 → 443 [ACK] Seq=1 Ack=1 Win=64256 Len=0 TSval=1154248314 TSecr=3948657346,facebook
1.249135151,172.28.0.2,157.240.229.35,TLSv1,730,Client Hello,facebook
1.250320403,157.240.229.35,172.28.0.2,TCP,66,443 → 47864 [ACK] Seq=1 Ack=665 Win=523616 Len=0 TSval=3948657348 TSecr=1154248315,facebook
1.290521837,157.240.229.35,172.28.0.2,TLSv1.3,1514,"Server Hello, Change Cipher Spec, Application Data",facebook
1.290575538,172.28.0.2,157.240.229.35,TCP,66,47864 → 443 [ACK] Seq=665 Ack=1449 Win=64128 Len=0 TSval=1154248357 TSecr=3948657388,facebook
1.290639067,157.240.229.35,172.28.0.2,TLSv1.3,1402,Application Data [TCP segment of a reassembled PDU],facebook
1.290646421,172.28.0.2,157.240.229.35,TCP,66,47864 → 443 [ACK] Seq=665 Ack=2785 Win=63232 Len=0 TSval=1154248357 TSecr=3948657388,facebook
1.290661459,157.240.229.35,172.28.0.2,TLSv1.3,604,Application Data,facebook
1.290665737,172.28.0.2,157.240.229.35,TCP,66,47864 → 443 [ACK] Seq=665 Ack=3323 Win=62720 Len=0 TSval=1154248357 TSecr=3948657388,facebook
1.294943155,172.28.0.2,192.168.65.7,DNS,77,Standard query 0x06d6 A ocsp.digicert.com,facebook
1.295479490,172.28.0.2,192.168.65.7,DNS,77,Standard query 0xd849 A ocsp.digicert.com,facebook
1.297880175,192.168.65.7,172.28.0.2,DNS,327,Standard query response 0xd849 A ocsp.digicert.com CNAME ocsp.edge.digicert.com CNAME fp2e7a.wpc.2be4.phicdn.net CNAME fp2e7a.wpc.phicdn.net A 192.229.211.108 A 192.229.211.108,facebook
1.298164913,192.168.65.7,172.28.0.2,DNS,327,Standard query response 0x06d6 A ocsp.digicert.com CNAME ocsp.edge.digicert.com CNAME fp2e7a.wpc.2be4.phicdn.net CNAME fp2e7a.wpc.phicdn.net A 192.229.211.108 A 192.229.211.108,facebook
1.298595691,172.28.0.2,192.229.211.108,TCP,74,54774 → 80 [SYN] Seq=0 Win=64240 Len=0 MSS=1460 SACK_PERM=1 TSval=2055951834 TSecr=0 WS=128,facebook
1.301577851,192.229.211.108,172.28.0.2,TCP,74,"80 → 54774 [SYN, ACK] Seq=0 Ack=1 Win=29184 Len=0 MSS=1460 TSval=139559517 TSecr=2055951834 WS=32",facebook
1.301643564,172.28.0.2,192.229.211.108,TCP,66,54774 → 80 [ACK] Seq=1 Ack=1 Win=64256 Len=0 TSval=2055951837 TSecr=139559517,facebook
1.301911529,172.28.0.2,192.229.211.108,OCSP,482,Request,facebook
1.303136452,192.229.211.108,172.28.0.2,TCP,66,80 → 54774 [ACK] Seq=1 Ack=417 Win=28768 Len=0 TSval=139559518 TSecr=2055951837,facebook
1.335030084,192.229.211.108,172.28.0.2,OCSP,822,Response,facebook
1.335111567,172.28.0.2,192.229.211.108,TCP,66,54774 → 80 [ACK] Seq=417 Ack=757 Win=64128 Len=0 TSval=2055951870 TSecr=139559550,facebook
1.335210903,192.229.211.108,172.28.0.2,TCP,66,"80 → 54774 [FIN, ACK] Seq=757 Ack=417 Win=524288 Len=0 TSval=139559550 TSecr=2055951837",facebook
1.335422881,172.28.0.2,192.229.211.108,TCP,66,"54774 → 80 [FIN, ACK] Seq=417 Ack=758 Win=64128 Len=0 TSval=2055951871 TSecr=139559550",facebook
1.336225114,172.28.0.2,157.240.229.35,TLSv1.3,130,"Change Cipher Spec, Application Data",facebook
1.336626767,172.28.0.2,157.240.229.35,TLSv1.3,236,Application Data,facebook
1.337149321,192.229.211.108,172.28.0.2,TCP,66,80 → 54774 [ACK] Seq=758 Ack=418 Win=524256 Len=0 TSval=139559552 TSecr=2055951870,facebook
1.337681795,157.240.229.35,172.28.0.2,TCP,66,443 → 47864 [ACK] Seq=3323 Ack=729 Win=524224 Len=0 TSval=3948657436 TSecr=1154248403,facebook
1.337720678,157.240.229.35,172.28.0.2,TCP,66,443 → 47864 [ACK] Seq=3323 Ack=899 Win=524032 Len=0 TSval=3948657436 TSecr=1154248403,facebook
1.352849896,157.240.229.35,172.28.0.2,TLSv1.3,237,Application Data,facebook
1.352914257,172.28.0.2,157.240.229.35,TCP,66,47864 → 443 [ACK] Seq=899 Ack=3494 Win=64128 Len=0 TSval=1154248419 TSecr=3948657451,facebook
1.352976994,157.240.229.35,172.28.0.2,TLSv1.3,171,"Application Data, Application Data",facebook
1.352981543,172.28.0.2,157.240.229.35,TCP,66,47864 → 443 [ACK] Seq=899 Ack=3599 Win=64128 Len=0 TSval=1154248419 TSecr=3948657451,facebook
1.353220871,172.28.0.2,157.240.229.35,TLSv1.3,97,Application Data,facebook
1.354371934,157.240.229.35,172.28.0.2,TCP,66,443 → 47864 [ACK] Seq=3599 Ack=930 Win=524256 Len=0 TSval=3948657452 TSecr=1154248420,facebook
1.907886568,172.28.0.2,157.240.229.35,TLSv1.3,534,Application Data,facebook
1.909066269,172.28.0.2,157.240.229.35,QUIC,1399,"Initial, DCID=e13a9ba95c475971, SCID=b49427, PKN: 0, CRYPTO",facebook
1.909466329,157.240.229.35,172.28.0.2,TCP,66,443 → 47864 [ACK] Seq=3599 Ack=1398 Win=523776 Len=0 TSval=3948658007 TSecr=1154248974,facebook
1.915735750,172.28.0.2,192.168.65.7,DNS,72,Standard query 0x0a24 A facebook.com,facebook
1.915735800,172.28.0.2,192.168.65.7,DNS,79,Standard query 0x1c7a A static.xx.fbcdn.net,facebook
1.926015459,157.240.229.35,172.28.0.2,TLSv1.3,101,Application Data,facebook
1.926064741,172.28.0.2,157.240.229.35,TCP,66,47864 → 443 [ACK] Seq=1398 Ack=3634 Win=64128 Len=0 TSval=1154248992 TSecr=3948658024,facebook
1.931515889,157.240.229.35,172.28.0.2,QUIC,1274,"Initial, DCID=b49427, SCID=b52101021363b511, PKN: 1070385, CRYPTO, ACK, PADDING",facebook
1.931570862,157.240.229.35,172.28.0.2,QUIC,1274,"Handshake, DCID=b49427, SCID=b52101021363b511",facebook
1.931578436,157.240.229.35,172.28.0.2,QUIC,1274,"Handshake, DCID=b49427, SCID=b52101021363b511",facebook
1.931584668,157.240.229.35,172.28.0.2,QUIC,948,"Handshake, DCID=b49427, SCID=b52101021363b511",facebook
1.931590970,157.240.229.35,172.28.0.2,QUIC,122,"Protected Payload (KP0), DCID=b49427",facebook
1.933154140,172.28.0.2,157.240.229.35,QUIC,88,"Handshake, DCID=b52101021363b511, SCID=b49427",facebook
1.936312841,172.28.0.2,192.168.65.7,DNS,77,Standard query 0x1247 A ocsp.digicert.com,facebook
1.937009035,172.28.0.2,192.168.65.7,DNS,77,Standard query 0x2a43 A ocsp.digicert.com,facebook
1.938822675,192.168.65.7,172.28.0.2,DNS,327,Standard query response 0x2a43 A ocsp.digicert.com CNAME ocsp.edge.digicert.com CNAME fp2e7a.wpc.2be4.phicdn.net CNAME fp2e7a.wpc.phicdn.net A 192.229.211.108 A 192.229.211.108,facebook
1.939052195,192.168.65.7,172.28.0.2,DNS,327,Standard query response 0x1247 A ocsp.digicert.com CNAME ocsp.edge.digicert.com CNAME fp2e7a.wpc.2be4.phicdn.net CNAME fp2e7a.wpc.phicdn.net A 192.229.211.108 A 192.229.211.108,facebook
1.939383286,172.28.0.2,192.229.211.108,TCP,74,54776 → 80 [SYN] Seq=0 Win=64240 Len=0 MSS=1460 SACK_PERM=1 TSval=2055952475 TSecr=0 WS=128,facebook
1.941834300,192.229.211.108,172.28.0.2,TCP,74,"80 → 54776 [SYN, ACK] Seq=0 Ack=1 Win=29184 Len=0 MSS=1460 TSval=139560157 TSecr=2055952475 WS=32",facebook
1.941908820,172.28.0.2,192.229.211.108,TCP,66,54776 → 80 [ACK] Seq=1 Ack=1 Win=64256 Len=0 TSval=2055952477 TSecr=139560157,facebook
1.942156659,172.28.0.2,192.229.211.108,OCSP,482,Request,facebook
1.943180223,192.229.211.108,172.28.0.2,TCP,66,80 → 54776 [ACK] Seq=1 Ack=417 Win=28768 Len=0 TSval=139560159 TSecr=2055952477,facebook
1.953309079,192.168.65.7,172.28.0.2,DNS,100,Standard query response 0x0a24 A facebook.com A 31.13.66.35,facebook
1.982181498,192.168.65.7,172.28.0.2,DNS,170,Standard query response 0x1c7a A static.xx.fbcdn.net CNAME scontent.xx.fbcdn.net A 31.13.66.19,facebook
1.983054096,192.229.211.108,172.28.0.2,OCSP,822,Response,facebook
1.983111483,172.28.0.2,192.229.211.108,TCP,66,54776 → 80 [ACK] Seq=417 Ack=757 Win=64128 Len=0 TSval=2055952518 TSecr=139560198,facebook
1.983180493,192.229.211.108,172.28.0.2,TCP,66,"80 → 54776 [FIN, ACK] Seq=757 Ack=417 Win=524288 Len=0 TSval=139560198 TSecr=2055952477",facebook
1.983380209,172.28.0.2,192.229.211.108,TCP,66,"54776 → 80 [FIN, ACK] Seq=417 Ack=758 Win=64128 Len=0 TSval=2055952519 TSecr=139560198",facebook
1.984492920,192.229.211.108,172.28.0.2,TCP,66,80 → 54776 [ACK] Seq=758 Ack=418 Win=524256 Len=0 TSval=139560200 TSecr=2055952518,facebook
1.984916574,172.28.0.2,157.240.229.35,QUIC,176,"Protected Payload (KP0), DCID=b52101021363b511",facebook
1.985017944,172.28.0.2,157.240.229.35,QUIC,112,"Protected Payload (KP0), DCID=b52101021363b511",facebook
1.990395785,157.240.229.35,172.28.0.2,QUIC,101,"Protected Payload (KP0), DCID=b49427",facebook
1.990646645,172.28.0.2,157.240.229.35,QUIC,78,"Protected Payload (KP0), DCID=b52101021363b511",facebook
2.001435763,157.240.229.35,172.28.0.2,QUIC,84,"Handshake, DCID=b49427, SCID=b52101021363b511",facebook
2.001495385,157.240.229.35,172.28.0.2,QUIC,154,"Protected Payload (KP0), DCID=b49427",facebook
2.001517256,157.240.229.35,172.28.0.2,QUIC,314,"Protected Payload (KP0), DCID=b49427",facebook
2.002122175,172.28.0.2,157.240.229.35,QUIC,76,"Protected Payload (KP0), DCID=b52101021363b511",facebook
2.053285997,157.240.229.35,172.28.0.2,TCP,1514,[TCP segment of a reassembled PDU],facebook
2.053307748,172.28.0.2,157.240.229.35,TCP,66,47864 → 443 [ACK] Seq=1398 Ack=5082 Win=64128 Len=0 TSval=1154249120 TSecr=3948658151,facebook
2.053385133,157.240.229.35,172.28.0.2,TCP,1514,443 → 47864 [ACK] Seq=5082 Ack=1398 Win=524288 Len=1448 TSval=3948658152 TSecr=1154248992 [TCP segment of a reassembled PDU],facebook
2.053391976,172.28.0.2,157.240.229.35,TCP,66,47864 → 443 [ACK] Seq=1398 Ack=6530 Win=63232 Len=0 TSval=1154249120 TSecr=3948658152,facebook
2.053400923,157.240.229.35,172.28.0.2,TLSv1.3,1514,Application Data [TCP segment of a reassembled PDU],facebook
2.053403578,172.28.0.2,157.240.229.35,TCP,66,47864 → 443 [ACK] Seq=1398 Ack=7978 Win=62080 Len=0 TSval=1154249120 TSecr=3948658152,facebook
2.053410230,157.240.229.35,172.28.0.2,TLSv1.3,1290,Application Data [TCP segment of a reassembled PDU],facebook
2.053413116,172.28.0.2,157.240.229.35,TCP,66,47864 → 443 [ACK] Seq=1398 Ack=9202 Win=60928 Len=0 TSval=1154249120 TSecr=3948658152,facebook
2.055901575,157.240.229.35,172.28.0.2,TLSv1.3,1514,Application Data [TCP segment of a reassembled PDU],facebook
2.055926351,172.28.0.2,157.240.229.35,TCP,66,47864 → 443 [ACK] Seq=1398 Ack=10650 Win=64128 Len=0 TSval=1154249122 TSecr=3948658154,facebook
2.056005710,157.240.229.35,172.28.0.2,TLSv1.3,1514,Application Data [TCP segment of a reassembled PDU],facebook
2.056010639,172.28.0.2,157.240.229.35,TCP,66,47864 → 443 [ACK] Seq=1398 Ack=12098 Win=63232 Len=0 TSval=1154249122 TSecr=3948658154,facebook
2.056020448,157.240.229.35,172.28.0.2,TLSv1.3,1514,Application Data [TCP segment of a reassembled PDU],facebook
2.056022952,172.28.0.2,157.240.229.35,TCP,66,47864 → 443 [ACK] Seq=1398 Ack=13546 Win=62080 Len=0 TSval=1154249122 TSecr=3948658154,facebook
2.056030076,157.240.229.35,172.28.0.2,TLSv1.3,1290,Application Data [TCP segment of a reassembled PDU],facebook
2.056040631,172.28.0.2,157.240.229.35,TCP,66,47864 → 443 [ACK] Seq=1398 Ack=14770 Win=60928 Len=0 TSval=1154249122 TSecr=3948658154,facebook
2.059584083,157.240.229.35,172.28.0.2,TLSv1.3,1514,Application Data [TCP segment of a reassembled PDU],facebook
2.059607066,172.28.0.2,157.240.229.35,TCP,66,47864 → 443 [ACK] Seq=1398 Ack=16218 Win=64128 Len=0 TSval=1154249126 TSecr=3948658158,facebook
2.059695511,157.240.229.35,172.28.0.2,TCP,1402,"443 → 47864 [PSH, ACK] Seq=16218 Ack=1398 Win=524288 Len=1336 TSval=3948658158 TSecr=1154249122 [TCP segment of a reassembled PDU]",facebook
2.059700711,172.28.0.2,157.240.229.35,TCP,66,47864 → 443 [ACK] Seq=1398 Ack=17554 Win=63232 Len=0 TSval=1154249126 TSecr=3948658158,facebook
2.071710232,157.240.229.35,172.28.0.2,TLSv1.3,1514,Application Data [TCP segment of a reassembled PDU],facebook
2.071725651,172.28.0.2,157.240.229.35,TCP,66,47864 → 443 [ACK] Seq=1398 Ack=19002 Win=64128 Len=0 TSval=1154249138 TSecr=3948658170,facebook
2.071798898,157.240.229.35,172.28.0.2,TLSv1.3,1514,Application Data [TCP segment of a reassembled PDU],facebook
2.071803837,172.28.0.2,157.240.229.35,TCP,66,47864 → 443 [ACK] Seq=1398 Ack=20450 Win=63232 Len=0 TSval=1154249138 TSecr=3948658170,facebook
2.071813365,157.240.229.35,172.28.0.2,TLSv1.3,1514,Application Data [TCP segment of a reassembled PDU],facebook
2.071818605,157.240.229.35,172.28.0.2,TLSv1.3,1290,Application Data [TCP segment of a reassembled PDU],facebook
2.071832181,172.28.0.2,157.240.229.35,TCP,66,47864 → 443 [ACK] Seq=1398 Ack=21898 Win=61824 Len=0 TSval=1154249138 TSecr=3948658170,facebook
2.071863720,172.28.0.2,157.240.229.35,TCP,66,47864 → 443 [ACK] Seq=1398 Ack=23122 Win=60672 Len=0 TSval=1154249138 TSecr=3948658170,facebook
2.073693660,157.240.229.35,172.28.0.2,TLSv1.3,1514,Application Data [TCP segment of a reassembled PDU],facebook
2.073704630,172.28.0.2,157.240.229.35,TCP,66,47864 → 443 [ACK] Seq=1398 Ack=24570 Win=64128 Len=0 TSval=1154249140 TSecr=3948658172,facebook
2.073795681,157.240.229.35,172.28.0.2,TLSv1.3,1402,Application Data [TCP segment of a reassembled PDU],facebook
2.073871518,172.28.0.2,157.240.229.35,TCP,66,47864 → 443 [ACK] Seq=1398 Ack=25906 Win=64128 Len=0 TSval=1154249140 TSecr=3948658172,facebook
2.074148084,157.240.229.35,172.28.0.2,TLSv1.3,1514,Application Data [TCP segment of a reassembled PDU],facebook
2.074188921,157.240.229.35,172.28.0.2,TLSv1.3,1135,"Application Data, Application Data, Application Data",facebook
2.074264695,172.28.0.2,157.240.229.35,TCP,66,47864 → 443 [ACK] Seq=1398 Ack=28423 Win=63232 Len=0 TSval=1154249141 TSecr=3948658172,facebook
2.074580838,172.28.0.2,157.240.229.35,TLSv1.3,105,Application Data,facebook
2.074733123,172.28.0.2,157.240.229.35,TLSv1.3,90,Application Data,facebook
2.074803134,172.28.0.2,157.240.229.35,TCP,66,"47864 → 443 [FIN, ACK] Seq=1461 Ack=28423 Win=64128 Len=0 TSval=1154249141 TSecr=3948658172",facebook
2.076031171,157.240.229.35,172.28.0.2,TCP,66,443 → 47864 [ACK] Seq=28423 Ack=1437 Win=524224 Len=0 TSval=3948658174 TSecr=1154249141,facebook
2.076053032,157.240.229.35,172.28.0.2,TCP,66,443 → 47864 [ACK] Seq=28423 Ack=1462 Win=524224 Len=0 TSval=3948658174 TSecr=1154249141,facebook
2.076069613,157.240.229.35,172.28.0.2,TCP,66,"443 → 47864 [FIN, ACK] Seq=28423 Ack=1462 Win=524288 Len=0 TSval=3948658174 TSecr=1154249141",facebook
2.076084231,172.28.0.2,157.240.229.35,TCP,66,47864 → 443 [ACK] Seq=1462 Ack=28424 Win=64128 Len=0 TSval=1154249142 TSecr=3948658174,facebook
2.104159791,172.28.0.2,192.168.65.7,DNS,79,Standard query 0x7703 A static.xx.fbcdn.net,facebook
2.106582087,192.168.65.7,172.28.0.2,DNS,170,Standard query response 0x7703 A static.xx.fbcdn.net CNAME scontent.xx.fbcdn.net A 31.13.66.19,facebook
2.107847363,172.28.0.2,192.168.65.7,DNS,72,Standard query 0x89ff A facebook.com,facebook
2.109097742,172.28.0.2,31.13.66.19,QUIC,1399,"Initial, DCID=1fd54b6672dbbec019bdf405, SCID=46f5ed, PKN: 0, CRYPTO",facebook
2.110354157,172.28.0.2,31.13.66.19,QUIC,1399,"Initial, DCID=253d14fbdbde0d6341, SCID=57e92f, PKN: 0, CRYPTO",facebook
2.110533102,192.168.65.7,172.28.0.2,DNS,100,Standard query response 0x89ff A facebook.com A 31.13.66.35,facebook
2.112980269,172.28.0.2,31.13.66.35,QUIC,1399,"Initial, DCID=1a3401d310aeb0f6, SCID=6a1644, PKN: 0, CRYPTO",facebook
2.147600312,31.13.66.19,172.28.0.2,QUIC,1274,"Initial, DCID=46f5ed, SCID=b52401081934c050, PKN: 1384015, CRYPTO, ACK, PADDING",facebook
2.147656978,31.13.66.19,172.28.0.2,QUIC,1274,"Handshake, DCID=46f5ed, SCID=b52401081934c050",facebook
2.147662989,31.13.66.19,172.28.0.2,QUIC,1274,"Handshake, DCID=46f5ed, SCID=b52401081934c050",facebook
2.147667348,31.13.66.19,172.28.0.2,QUIC,952,"Handshake, DCID=46f5ed, SCID=b52401081934c050",facebook
2.147672237,31.13.66.19,172.28.0.2,QUIC,122,"Protected Payload (KP0), DCID=46f5ed",facebook
2.149164784,172.28.0.2,31.13.66.19,QUIC,88,"Handshake, DCID=b52401081934c050, SCID=46f5ed",facebook
2.151823247,172.28.0.2,31.13.66.19,QUIC,176,"Protected Payload (KP0), DCID=b52401081934c050",facebook
2.151928244,172.28.0.2,31.13.66.19,QUIC,110,"Protected Payload (KP0), DCID=b52401081934c050",facebook
2.159894086,31.13.66.19,172.28.0.2,QUIC,1274,"Initial, DCID=57e92f, SCID=b82400370ddf15bb, PKN: 7692136, CRYPTO, ACK, PADDING",facebook
2.159946133,31.13.66.19,172.28.0.2,QUIC,1274,"Handshake, DCID=57e92f, SCID=b82400370ddf15bb",facebook
2.159952094,31.13.66.19,172.28.0.2,QUIC,1274,"Handshake, DCID=57e92f, SCID=b82400370ddf15bb",facebook
2.159956933,31.13.66.19,172.28.0.2,QUIC,948,"Handshake, DCID=57e92f, SCID=b82400370ddf15bb",facebook
2.159962113,31.13.66.19,172.28.0.2,QUIC,122,"Protected Payload (KP0), DCID=57e92f",facebook
2.161229519,172.28.0.2,31.13.66.19,QUIC,88,"Handshake, DCID=b82400370ddf15bb, SCID=57e92f",facebook
2.162544694,31.13.66.35,172.28.0.2,QUIC,1274,"Initial, DCID=6a1644, SCID=a22100650f24537f, PKN: 7540756, CRYPTO, ACK, PADDING",facebook
2.162555955,31.13.66.35,172.28.0.2,QUIC,1274,"Handshake, DCID=6a1644, SCID=a22100650f24537f",facebook
2.162560083,31.13.66.35,172.28.0.2,QUIC,1274,"Handshake, DCID=6a1644, SCID=a22100650f24537f",facebook
2.162564391,31.13.66.35,172.28.0.2,QUIC,948,"Handshake, DCID=6a1644, SCID=a22100650f24537f",facebook
2.162630034,31.13.66.35,172.28.0.2,QUIC,122,"Protected Payload (KP0), DCID=6a1644",facebook
2.163843589,172.28.0.2,31.13.66.35,QUIC,88,"Handshake, DCID=a22100650f24537f, SCID=6a1644",facebook
2.164299473,172.28.0.2,31.13.66.19,QUIC,176,"Protected Payload (KP0), DCID=b82400370ddf15bb",facebook
2.164350729,172.28.0.2,31.13.66.19,QUIC,111,"Protected Payload (KP0), DCID=b82400370ddf15bb",facebook
2.166297027,172.28.0.2,31.13.66.35,QUIC,176,"Protected Payload (KP0), DCID=a22100650f24537f",facebook
2.166376406,172.28.0.2,31.13.66.35,QUIC,108,"Protected Payload (KP0), DCID=a22100650f24537f",facebook
2.166601388,172.28.0.2,31.13.66.35,QUIC,417,"Protected Payload (KP0), DCID=a22100650f24537f",facebook
2.166830688,31.13.66.19,172.28.0.2,QUIC,84,"Handshake, DCID=46f5ed, SCID=b52401081934c050",facebook
2.167171577,31.13.66.19,172.28.0.2,QUIC,154,"Protected Payload (KP0), DCID=46f5ed",facebook
2.167204719,31.13.66.19,172.28.0.2,QUIC,314,"Protected Payload (KP0), DCID=46f5ed",facebook
2.167511243,172.28.0.2,31.13.66.19,QUIC,76,"Protected Payload (KP0), DCID=b52401081934c050",facebook
2.180408679,31.13.66.19,172.28.0.2,QUIC,84,"Handshake, DCID=57e92f, SCID=b82400370ddf15bb",facebook
2.180457049,31.13.66.19,172.28.0.2,QUIC,154,"Protected Payload (KP0), DCID=57e92f",facebook
2.180462560,31.13.66.19,172.28.0.2,QUIC,314,"Protected Payload (KP0), DCID=57e92f",facebook
2.180949703,172.28.0.2,31.13.66.19,QUIC,76,"Protected Payload (KP0), DCID=b82400370ddf15bb",facebook
2.181529740,31.13.66.35,172.28.0.2,QUIC,85,"Handshake, DCID=6a1644, SCID=a22100650f24537f",facebook
2.181573442,31.13.66.35,172.28.0.2,QUIC,154,"Protected Payload (KP0), DCID=6a1644",facebook
2.181578802,31.13.66.35,172.28.0.2,QUIC,90,"Protected Payload (KP0), DCID=6a1644",facebook
2.181874887,172.28.0.2,31.13.66.35,QUIC,76,"Protected Payload (KP0), DCID=a22100650f24537f",facebook
2.182365627,31.13.66.35,172.28.0.2,QUIC,314,"Protected Payload (KP0), DCID=6a1644",facebook
2.201935421,172.28.0.2,31.13.66.35,QUIC,77,"Protected Payload (KP0), DCID=a22100650f24537f",facebook
2.202249921,172.28.0.2,31.13.66.19,QUIC,367,"Protected Payload (KP0), DCID=b82400370ddf15bb",facebook
2.202429066,172.28.0.2,31.13.66.19,QUIC,72,"Protected Payload (KP0), DCID=b82400370ddf15bb",facebook
2.217655855,31.13.66.19,172.28.0.2,QUIC,90,"Protected Payload (KP0), DCID=57e92f",facebook
2.217702343,31.13.66.19,172.28.0.2,QUIC,90,"Protected Payload (KP0), DCID=57e92f",facebook
2.217707412,31.13.66.19,172.28.0.2,QUIC,90,"Protected Payload (KP0), DCID=57e92f",facebook
2.217850891,172.28.0.2,31.13.66.19,QUIC,76,"Protected Payload (KP0), DCID=b82400370ddf15bb",facebook
2.224545349,31.13.66.35,172.28.0.2,QUIC,1274,"Protected Payload (KP0), DCID=6a1644",facebook
2.224584733,31.13.66.35,172.28.0.2,QUIC,1274,"Protected Payload (KP0), DCID=6a1644",facebook
2.224591225,31.13.66.35,172.28.0.2,QUIC,730,"Protected Payload (KP0), DCID=6a1644",facebook
2.225103806,172.28.0.2,31.13.66.35,QUIC,83,"Protected Payload (KP0), DCID=a22100650f24537f",facebook
2.252537598,31.13.66.35,172.28.0.2,QUIC,90,"Protected Payload (KP0), DCID=6a1644",facebook
2.266249079,172.28.0.2,31.13.66.19,QUIC,246,"Protected Payload (KP0), DCID=b82400370ddf15bb",facebook
2.266394863,172.28.0.2,31.13.66.19,QUIC,72,"Protected Payload (KP0), DCID=b82400370ddf15bb",facebook
2.287368095,31.13.66.19,172.28.0.2,QUIC,90,"Protected Payload (KP0), DCID=57e92f",facebook
2.287440060,31.13.66.19,172.28.0.2,QUIC,90,"Protected Payload (KP0), DCID=57e92f",facebook
2.287447755,31.13.66.19,172.28.0.2,QUIC,90,"Protected Payload (KP0), DCID=57e92f",facebook
2.287911900,172.28.0.2,31.13.66.19,QUIC,76,"Protected Payload (KP0), DCID=b82400370ddf15bb",facebook
2.369915143,172.28.0.2,31.13.66.19,QUIC,308,"Protected Payload (KP0), DCID=b52401081934c050",facebook
2.370084160,172.28.0.2,31.13.66.19,QUIC,72,"Protected Payload (KP0), DCID=b52401081934c050",facebook
2.372919094,172.28.0.2,31.13.66.19,QUIC,254,"Protected Payload (KP0), DCID=b52401081934c050",facebook
2.373710998,172.28.0.2,31.13.66.19,QUIC,72,"Protected Payload (KP0), DCID=b52401081934c050",facebook
2.386525458,31.13.66.19,172.28.0.2,QUIC,90,"Protected Payload (KP0), DCID=46f5ed",facebook
2.386575281,31.13.66.19,172.28.0.2,QUIC,90,"Protected Payload (KP0), DCID=46f5ed",facebook
2.386580932,31.13.66.19,172.28.0.2,QUIC,90,"Protected Payload (KP0), DCID=46f5ed",facebook
2.386889320,172.28.0.2,31.13.66.19,QUIC,76,"Protected Payload (KP0), DCID=b52401081934c050",facebook
2.390748083,31.13.66.19,172.28.0.2,QUIC,90,"Protected Payload (KP0), DCID=46f5ed",facebook
2.390799239,31.13.66.19,172.28.0.2,QUIC,90,"Protected Payload (KP0), DCID=46f5ed",facebook
2.390804539,31.13.66.19,172.28.0.2,QUIC,90,"Protected Payload (KP0), DCID=46f5ed",facebook
2.390976571,172.28.0.2,31.13.66.19,QUIC,76,"Protected Payload (KP0), DCID=b52401081934c050",facebook
2.395761490,172.28.0.2,31.13.66.19,QUIC,254,"Protected Payload (KP0), DCID=b52401081934c050",facebook
2.395958399,172.28.0.2,31.13.66.19,QUIC,253,"Protected Payload (KP0), DCID=b52401081934c050",facebook
2.397326263,172.28.0.2,31.13.66.19,QUIC,254,"Protected Payload (KP0), DCID=b52401081934c050",facebook
2.401992029,172.28.0.2,31.13.66.19,QUIC,72,"Protected Payload (KP0), DCID=b52401081934c050",facebook
2.402122443,172.28.0.2,31.13.66.19,QUIC,72,"Protected Payload (KP0), DCID=b52401081934c050",facebook
2.402423528,172.28.0.2,31.13.66.19,QUIC,72,"Protected Payload (KP0), DCID=b52401081934c050",facebook
2.412682798,31.13.66.19,172.28.0.2,QUIC,90,"Protected Payload (KP0), DCID=46f5ed",facebook
2.414258962,31.13.66.19,172.28.0.2,QUIC,90,"Protected Payload (KP0), DCID=46f5ed",facebook
2.414369770,31.13.66.19,172.28.0.2,QUIC,90,"Protected Payload (KP0), DCID=46f5ed",facebook
2.414623365,172.28.0.2,31.13.66.19,QUIC,76,"Protected Payload (KP0), DCID=b52401081934c050",facebook
2.415495370,31.13.66.19,172.28.0.2,QUIC,1274,"Protected Payload (KP0), DCID=46f5ed",facebook
2.415591961,31.13.66.19,172.28.0.2,QUIC,122,"Protected Payload (KP0), DCID=46f5ed",facebook
2.415599084,31.13.66.19,172.28.0.2,QUIC,474,"Protected Payload (KP0), DCID=46f5ed",facebook
2.415604294,31.13.66.19,172.28.0.2,QUIC,602,"Protected Payload (KP0), DCID=46f5ed",facebook
2.415955793,172.28.0.2,31.13.66.19,QUIC,82,"Protected Payload (KP0), DCID=b52401081934c050",facebook
2.416113483,31.13.66.19,172.28.0.2,QUIC,858,"Protected Payload (KP0), DCID=46f5ed",facebook
2.419351127,31.13.66.19,172.28.0.2,QUIC,90,"Protected Payload (KP0), DCID=46f5ed",facebook
2.419408174,31.13.66.19,172.28.0.2,QUIC,90,"Protected Payload (KP0), DCID=46f5ed",facebook
2.419415628,31.13.66.19,172.28.0.2,QUIC,90,"Protected Payload (KP0), DCID=46f5ed",facebook
2.419636955,172.28.0.2,31.13.66.19,QUIC,76,"Protected Payload (KP0), DCID=b52401081934c050",facebook
2.454111663,31.13.66.19,172.28.0.2,QUIC,90,"Protected Payload (KP0), DCID=46f5ed",facebook
3.477184822,172.28.0.2,192.168.65.7,DNS,76,Standard query 0x703a A www.facebook.com,facebook
3.477520882,172.28.0.2,157.240.229.35,QUIC,1399,"Protected Payload (KP0), DCID=b52101021363b511",facebook
3.477613696,172.28.0.2,157.240.229.35,QUIC,1242,"Protected Payload (KP0), DCID=b52101021363b511",facebook
3.480344294,192.168.65.7,172.28.0.2,DNS,176,Standard query response 0x703a A www.facebook.com CNAME star-mini.c10r.facebook.com A 157.240.229.35,facebook
3.501656221,157.240.229.35,172.28.0.2,QUIC,90,"Protected Payload (KP0), DCID=b49427",facebook
3.501882250,172.28.0.2,157.240.229.35,QUIC,76,"Protected Payload (KP0), DCID=b52101021363b511",facebook
3.525783726,172.28.0.2,157.240.229.35,QUIC,637,"Protected Payload (KP0), DCID=b52101021363b511",facebook
3.535197622,157.240.229.35,172.28.0.2,QUIC,1274,"Protected Payload (KP0), DCID=b49427",facebook
3.535249519,157.240.229.35,172.28.0.2,QUIC,1274,"Protected Payload (KP0), DCID=b49427",facebook
3.535256001,157.240.229.35,172.28.0.2,QUIC,954,"Protected Payload (KP0), DCID=b49427",facebook
3.536088662,172.28.0.2,157.240.229.35,QUIC,83,"Protected Payload (KP0), DCID=b52101021363b511",facebook
3.547154244,157.240.229.35,172.28.0.2,QUIC,90,"Protected Payload (KP0), DCID=b49427",facebook
3.566918352,172.28.0.2,157.240.229.35,QUIC,77,"Protected Payload (KP0), DCID=b52101021363b511",facebook
3.578413667,157.240.229.35,172.28.0.2,QUIC,90,"Protected Payload (KP0), DCID=b49427",facebook
3.640077411,157.240.229.35,172.28.0.2,QUIC,1274,"Protected Payload (KP0), DCID=b49427",facebook
3.640127695,157.240.229.35,172.28.0.2,QUIC,1274,"Protected Payload (KP0), DCID=b49427",facebook
3.640133466,157.240.229.35,172.28.0.2,QUIC,1274,"Protected Payload (KP0), DCID=b49427",facebook
3.640158202,157.240.229.35,172.28.0.2,QUIC,1274,"Protected Payload (KP0), DCID=b49427",facebook
3.640165756,157.240.229.35,172.28.0.2,QUIC,1274,"Protected Payload (KP0), DCID=b49427",facebook
3.640170936,157.240.229.35,172.28.0.2,QUIC,1274,"Protected Payload (KP0), DCID=b49427",facebook
3.640176076,157.240.229.35,172.28.0.2,QUIC,1274,"Protected Payload (KP0), DCID=b49427",facebook
3.640180284,157.240.229.35,172.28.0.2,QUIC,1274,"Protected Payload (KP0), DCID=b49427",facebook
3.640184672,157.240.229.35,172.28.0.2,QUIC,1274,"Protected Payload (KP0), DCID=b49427",facebook
3.640188880,157.240.229.35,172.28.0.2,QUIC,1274,"Protected Payload (KP0), DCID=b49427",facebook
3.640192847,157.240.229.35,172.28.0.2,QUIC,1274,"Protected Payload (KP0), DCID=b49427",facebook
3.640197867,157.240.229.35,172.28.0.2,QUIC,1274,"Protected Payload (KP0), DCID=b49427",facebook
3.640202656,157.240.229.35,172.28.0.2,QUIC,922,"Protected Payload (KP0), DCID=b49427",facebook
3.640614903,172.28.0.2,157.240.229.35,QUIC,81,"Protected Payload (KP0), DCID=b52101021363b511",facebook
3.654104796,172.28.0.2,31.13.66.19,QUIC,280,"Protected Payload (KP0), DCID=b52401081934c050",facebook
3.654240240,172.28.0.2,31.13.66.19,QUIC,77,"Protected Payload (KP0), DCID=b52401081934c050",facebook
3.655752062,172.28.0.2,31.13.66.19,QUIC,281,"Protected Payload (KP0), DCID=b52401081934c050",facebook
3.656388848,172.28.0.2,31.13.66.19,QUIC,77,"Protected Payload (KP0), DCID=b52401081934c050",facebook
3.660869283,172.28.0.2,31.13.66.19,QUIC,281,"Protected Payload (KP0), DCID=b52401081934c050",facebook
3.661088054,172.28.0.2,31.13.66.19,QUIC,77,"Protected Payload (KP0), DCID=b52401081934c050",facebook
3.662542780,172.28.0.2,31.13.66.19,QUIC,281,"Protected Payload (KP0), DCID=b52401081934c050",facebook
3.662701878,172.28.0.2,31.13.66.19,QUIC,77,"Protected Payload (KP0), DCID=b52401081934c050",facebook
3.666031860,172.28.0.2,31.13.66.19,QUIC,280,"Protected Payload (KP0), DCID=b52401081934c050",facebook
3.666252674,172.28.0.2,31.13.66.19,QUIC,77,"Protected Payload (KP0), DCID=b52401081934c050",facebook
3.666562264,172.28.0.2,31.13.66.19,QUIC,280,"Protected Payload (KP0), DCID=b52401081934c050",facebook
3.667311839,172.28.0.2,31.13.66.19,QUIC,77,"Protected Payload (KP0), DCID=b52401081934c050",facebook
3.669855958,31.13.66.19,172.28.0.2,QUIC,90,"Protected Payload (KP0), DCID=46f5ed",facebook
3.669918075,31.13.66.19,172.28.0.2,QUIC,90,"Protected Payload (KP0), DCID=46f5ed",facebook
3.669922353,31.13.66.19,172.28.0.2,QUIC,90,"Protected Payload (KP0), DCID=46f5ed",facebook
3.670065341,172.28.0.2,31.13.66.19,QUIC,76,"Protected Payload (KP0), DCID=b52401081934c050",facebook
3.670517047,172.28.0.2,31.13.66.19,QUIC,281,"Protected Payload (KP0), DCID=b52401081934c050",facebook
3.670600905,172.28.0.2,31.13.66.19,QUIC,77,"Protected Payload (KP0), DCID=b52401081934c050",facebook
3.672455791,31.13.66.19,172.28.0.2,QUIC,90,"Protected Payload (KP0), DCID=46f5ed",facebook
3.672468936,31.13.66.19,172.28.0.2,QUIC,90,"Protected Payload (KP0), DCID=46f5ed",facebook
3.672805287,172.28.0.2,31.13.66.19,QUIC,76,"Protected Payload (KP0), DCID=b52401081934c050",facebook
3.674277226,31.13.66.19,172.28.0.2,QUIC,90,"Protected Payload (KP0), DCID=46f5ed",facebook
3.676592626,31.13.66.19,172.28.0.2,QUIC,90,"Protected Payload (KP0), DCID=46f5ed",facebook
3.676641046,157.240.229.35,172.28.0.2,QUIC,90,"Protected Payload (KP0), DCID=b49427",facebook
3.676647428,31.13.66.19,172.28.0.2,QUIC,90,"Protected Payload (KP0), DCID=46f5ed",facebook
3.676651586,31.13.66.19,172.28.0.2,QUIC,90,"Protected Payload (KP0), DCID=46f5ed",facebook
3.677290584,172.28.0.2,31.13.66.19,QUIC,76,"Protected Payload (KP0), DCID=b52401081934c050",facebook
3.677942165,31.13.66.19,172.28.0.2,QUIC,90,"Protected Payload (KP0), DCID=46f5ed",facebook
3.677980457,31.13.66.19,172.28.0.2,QUIC,90,"Protected Payload (KP0), DCID=46f5ed",facebook
3.677985857,31.13.66.19,172.28.0.2,QUIC,90,"Protected Payload (KP0), DCID=46f5ed",facebook
3.678115270,172.28.0.2,31.13.66.19,QUIC,76,"Protected Payload (KP0), DCID=b52401081934c050",facebook
3.682882536,31.13.66.19,172.28.0.2,QUIC,90,"Protected Payload (KP0), DCID=46f5ed",facebook
3.682930345,31.13.66.19,172.28.0.2,QUIC,90,"Protected Payload (KP0), DCID=46f5ed",facebook
3.682935555,31.13.66.19,172.28.0.2,QUIC,90,"Protected Payload (KP0), DCID=46f5ed",facebook
3.682939462,31.13.66.19,172.28.0.2,QUIC,90,"Protected Payload (KP0), DCID=46f5ed",facebook
3.683360111,172.28.0.2,31.13.66.19,QUIC,76,"Protected Payload (KP0), DCID=b52401081934c050",facebook
3.683549496,31.13.66.19,172.28.0.2,QUIC,90,"Protected Payload (KP0), DCID=46f5ed",facebook
3.683602675,31.13.66.19,172.28.0.2,QUIC,90,"Protected Payload (KP0), DCID=46f5ed",facebook
3.683674555,172.28.0.2,31.13.66.19,QUIC,76,"Protected Payload (KP0), DCID=b52401081934c050",facebook
3.685638101,31.13.66.19,172.28.0.2,QUIC,90,"Protected Payload (KP0), DCID=46f5ed",facebook
3.685686131,31.13.66.19,172.28.0.2,QUIC,90,"Protected Payload (KP0), DCID=46f5ed",facebook
3.685691380,31.13.66.19,172.28.0.2,QUIC,90,"Protected Payload (KP0), DCID=46f5ed",facebook
3.685899065,172.28.0.2,31.13.66.19,QUIC,76,"Protected Payload (KP0), DCID=b52401081934c050",facebook
3.687856534,172.28.0.2,31.13.66.19,QUIC,254,"Protected Payload (KP0), DCID=b52401081934c050",facebook
3.688694409,172.28.0.2,31.13.66.19,QUIC,77,"Protected Payload (KP0), DCID=b52401081934c050",facebook
3.703625046,31.13.66.19,172.28.0.2,QUIC,90,"Protected Payload (KP0), DCID=46f5ed",facebook
3.703684567,31.13.66.19,172.28.0.2,QUIC,90,"Protected Payload (KP0), DCID=46f5ed",facebook
3.704047638,172.28.0.2,31.13.66.19,QUIC,76,"Protected Payload (KP0), DCID=b52401081934c050",facebook
3.704919262,31.13.66.19,172.28.0.2,QUIC,90,"Protected Payload (KP0), DCID=46f5ed",facebook
3.724226476,172.28.0.2,31.13.66.19,QUIC,77,"Protected Payload (KP0), DCID=b52401081934c050",facebook
3.743528191,172.28.0.2,31.13.66.19,QUIC,249,"Protected Payload (KP0), DCID=b82400370ddf15bb",facebook
3.743789240,172.28.0.2,31.13.66.19,QUIC,72,"Protected Payload (KP0), DCID=b82400370ddf15bb",facebook
3.745371356,31.13.66.19,172.28.0.2,QUIC,69,"Protected Payload (KP0), DCID=46f5ed",facebook
3.745631564,31.13.66.19,172.28.0.2,QUIC,90,"Protected Payload (KP0), DCID=46f5ed",facebook
3.745875891,172.28.0.2,31.13.66.19,QUIC,78,"Protected Payload (KP0), DCID=b52401081934c050",facebook
3.760698836,31.13.66.19,172.28.0.2,QUIC,90,"Protected Payload (KP0), DCID=57e92f",facebook
3.760725716,31.13.66.19,172.28.0.2,QUIC,90,"Protected Payload (KP0), DCID=57e92f",facebook
3.760729644,31.13.66.19,172.28.0.2,QUIC,90,"Protected Payload (KP0), DCID=57e92f",facebook
3.760799044,172.28.0.2,31.13.66.19,QUIC,287,"Protected Payload (KP0), DCID=b82400370ddf15bb",facebook
3.760984111,172.28.0.2,31.13.66.19,QUIC,76,"Protected Payload (KP0), DCID=b82400370ddf15bb",facebook
3.761148489,172.28.0.2,31.13.66.19,QUIC,72,"Protected Payload (KP0), DCID=b82400370ddf15bb",facebook
3.776600382,31.13.66.19,172.28.0.2,QUIC,90,"Protected Payload (KP0), DCID=57e92f",facebook
3.776660946,31.13.66.19,172.28.0.2,QUIC,90,"Protected Payload (KP0), DCID=57e92f",facebook
3.776666266,31.13.66.19,172.28.0.2,QUIC,90,"Protected Payload (KP0), DCID=57e92f",facebook
3.776855480,172.28.0.2,31.13.66.19,QUIC,76,"Protected Payload (KP0), DCID=b82400370ddf15bb",facebook
3.796781991,172.28.0.2,192.168.65.7,DNS,79,Standard query 0xdc6c A static.xx.fbcdn.net,facebook
3.799437849,192.168.65.7,172.28.0.2,DNS,170,Standard query response 0xdc6c A static.xx.fbcdn.net CNAME scontent.xx.fbcdn.net A 31.13.66.19,facebook
3.799951863,172.28.0.2,157.240.229.35,QUIC,419,"Protected Payload (KP0), DCID=b52101021363b511",facebook
3.800278445,172.28.0.2,157.240.229.35,QUIC,77,"Protected Payload (KP0), DCID=b52101021363b511",facebook
3.800395715,172.28.0.2,31.13.66.19,TCP,74,37744 → 443 [SYN] Seq=0 Win=64240 Len=0 MSS=1460 SACK_PERM=1 TSval=3666307252 TSecr=0 WS=128,facebook
3.802713138,31.13.66.19,172.28.0.2,TCP,74,"443 → 37744 [SYN, ACK] Seq=0 Ack=1 Win=29184 Len=0 MSS=1460 TSval=1594201463 TSecr=3666307252 WS=32",facebook
3.802766328,172.28.0.2,31.13.66.19,TCP,66,37744 → 443 [ACK] Seq=1 Ack=1 Win=64256 Len=0 TSval=3666307254 TSecr=1594201463,facebook
3.804457979,172.28.0.2,31.13.66.19,TLSv1,733,Client Hello,facebook
3.805909530,31.13.66.19,172.28.0.2,TCP,66,443 → 37744 [ACK] Seq=1 Ack=668 Win=523616 Len=0 TSval=1594201466 TSecr=3666307256,facebook
3.815931255,157.240.229.35,172.28.0.2,QUIC,90,"Protected Payload (KP0), DCID=b49427",facebook
3.816068101,157.240.229.35,172.28.0.2,QUIC,90,"Protected Payload (KP0), DCID=b49427",facebook
3.816073912,157.240.229.35,172.28.0.2,QUIC,90,"Protected Payload (KP0), DCID=b49427",facebook
3.816294586,172.28.0.2,157.240.229.35,QUIC,76,"Protected Payload (KP0), DCID=b52101021363b511",facebook
3.840887213,31.13.66.19,172.28.0.2,TLSv1.3,1514,"Server Hello, Change Cipher Spec, Application Data",facebook
3.840947335,172.28.0.2,31.13.66.19,TCP,66,37744 → 443 [ACK] Seq=668 Ack=1449 Win=64128 Len=0 TSval=3666307292 TSecr=1594201501,facebook
3.841004172,31.13.66.19,172.28.0.2,TLSv1.3,1402,Application Data [TCP segment of a reassembled PDU],facebook
3.841011005,172.28.0.2,31.13.66.19,TCP,66,37744 → 443 [ACK] Seq=668 Ack=2785 Win=63232 Len=0 TSval=3666307292 TSecr=1594201501,facebook
3.841020122,31.13.66.19,172.28.0.2,TLSv1.3,605,Application Data,facebook
3.841023087,172.28.0.2,31.13.66.19,TCP,66,37744 → 443 [ACK] Seq=668 Ack=3324 Win=62720 Len=0 TSval=3666307292 TSecr=1594201501,facebook
3.846112607,172.28.0.2,192.168.65.7,DNS,77,Standard query 0x8c5c A ocsp.digicert.com,facebook
3.846251788,172.28.0.2,192.168.65.7,DNS,77,Standard query 0xacfa A ocsp.digicert.com,facebook
3.848709405,192.168.65.7,172.28.0.2,DNS,327,Standard query response 0xacfa A ocsp.digicert.com CNAME ocsp.edge.digicert.com CNAME fp2e7a.wpc.2be4.phicdn.net CNAME fp2e7a.wpc.phicdn.net A 192.229.211.108 A 192.229.211.108,facebook
3.848975704,192.168.65.7,172.28.0.2,DNS,327,Standard query response 0x8c5c A ocsp.digicert.com CNAME ocsp.edge.digicert.com CNAME fp2e7a.wpc.2be4.phicdn.net CNAME fp2e7a.wpc.phicdn.net A 192.229.211.108 A 192.229.211.108,facebook
3.849600400,172.28.0.2,192.229.211.108,TCP,74,54780 → 80 [SYN] Seq=0 Win=64240 Len=0 MSS=1460 SACK_PERM=1 TSval=2055954385 TSecr=0 WS=128,facebook
3.852003464,192.229.211.108,172.28.0.2,TCP,74,"80 → 54780 [SYN, ACK] Seq=0 Ack=1 Win=29184 Len=0 MSS=1460 TSval=139562067 TSecr=2055954385 WS=32",facebook
3.852080488,172.28.0.2,192.229.211.108,TCP,66,54780 → 80 [ACK] Seq=1 Ack=1 Win=64256 Len=0 TSval=2055954387 TSecr=139562067,facebook
3.852369295,172.28.0.2,192.229.211.108,OCSP,482,Request,facebook
3.853350173,192.229.211.108,172.28.0.2,TCP,66,80 → 54780 [ACK] Seq=1 Ack=417 Win=28768 Len=0 TSval=139562069 TSecr=2055954388,facebook
3.877421042,172.28.0.2,192.168.65.7,DNS,69,Standard query 0x0c38 A fbsbx.com,facebook
3.884105652,192.229.211.108,172.28.0.2,OCSP,822,Response,facebook
3.884153532,172.28.0.2,192.229.211.108,TCP,66,54780 → 80 [ACK] Seq=417 Ack=757 Win=64128 Len=0 TSval=2055954419 TSecr=139562099,facebook
3.884213424,192.229.211.108,172.28.0.2,TCP,66,"80 → 54780 [FIN, ACK] Seq=757 Ack=417 Win=524288 Len=0 TSval=139562099 TSecr=2055954388",facebook
3.884577486,172.28.0.2,192.229.211.108,TCP,66,"54780 → 80 [FIN, ACK] Seq=417 Ack=758 Win=64128 Len=0 TSval=2055954420 TSecr=139562099",facebook
3.885793626,172.28.0.2,31.13.66.19,TLSv1.3,130,"Change Cipher Spec, Application Data",facebook
3.885812421,192.229.211.108,172.28.0.2,TCP,66,80 → 54780 [ACK] Seq=758 Ack=418 Win=524256 Len=0 TSval=139562101 TSecr=2055954419,facebook
3.887007291,31.13.66.19,172.28.0.2,TCP,66,443 → 37744 [ACK] Seq=3324 Ack=732 Win=524224 Len=0 TSval=1594201546 TSecr=3666307337,facebook
3.890416752,172.28.0.2,31.13.66.19,TLSv1.3,236,Application Data,facebook
3.891754018,31.13.66.19,172.28.0.2,TCP,66,443 → 37744 [ACK] Seq=3324 Ack=902 Win=524032 Len=0 TSval=1594201552 TSecr=3666307342,facebook
3.900551088,31.13.66.19,172.28.0.2,TLSv1.3,245,Application Data,facebook
3.900604919,172.28.0.2,31.13.66.19,TCP,66,37744 → 443 [ACK] Seq=902 Ack=3503 Win=64128 Len=0 TSval=3666307352 TSecr=1594201560,facebook
3.900659260,31.13.66.19,172.28.0.2,TLSv1.3,140,Application Data,facebook
3.900663709,172.28.0.2,31.13.66.19,TCP,66,37744 → 443 [ACK] Seq=902 Ack=3577 Win=64128 Len=0 TSval=3666307352 TSecr=1594201560,facebook
3.900969141,172.28.0.2,31.13.66.19,TLSv1.3,97,Application Data,facebook
3.902305857,31.13.66.19,172.28.0.2,TCP,66,443 → 37744 [ACK] Seq=3577 Ack=933 Win=524256 Len=0 TSval=1594201562 TSecr=3666307352,facebook
3.905270113,31.13.66.19,172.28.0.2,TLSv1.3,97,Application Data,facebook
3.905440633,172.28.0.2,31.13.66.19,TCP,66,37744 → 443 [ACK] Seq=933 Ack=3608 Win=64128 Len=0 TSval=3666307356 TSecr=1594201565,facebook
3.917373841,192.168.65.7,172.28.0.2,DNS,94,Standard query response 0x0c38 A fbsbx.com A 157.240.229.35,facebook
3.919719152,172.28.0.2,157.240.229.35,QUIC,1399,"Initial, DCID=7104ef0b1ff697c8, SCID=729262, PKN: 0, CRYPTO",facebook
3.940270398,157.240.229.35,172.28.0.2,QUIC,1274,"Initial, DCID=729262, SCID=a621003c10609e05, PKN: 15578702, CRYPTO, ACK, PADDING",facebook
3.940324450,157.240.229.35,172.28.0.2,QUIC,1274,"Handshake, DCID=729262, SCID=a621003c10609e05",facebook
3.940330471,157.240.229.35,172.28.0.2,QUIC,1274,"Handshake, DCID=729262, SCID=a621003c10609e05",facebook
3.940334749,157.240.229.35,172.28.0.2,QUIC,1196,"Handshake, DCID=729262, SCID=a621003c10609e05",facebook
3.940340019,157.240.229.35,172.28.0.2,QUIC,122,"Protected Payload (KP0), DCID=729262",facebook
3.941750292,172.28.0.2,157.240.229.35,QUIC,88,"Handshake, DCID=a621003c10609e05, SCID=729262",facebook
3.946754342,172.28.0.2,192.168.65.7,DNS,77,Standard query 0x8855 A ocsp.digicert.com,facebook
3.946754232,172.28.0.2,192.168.65.7,DNS,77,Standard query 0xeac9 A ocsp.digicert.com,facebook
3.949809779,192.168.65.7,172.28.0.2,DNS,327,Standard query response 0x8855 A ocsp.digicert.com CNAME ocsp.edge.digicert.com CNAME fp2e7a.wpc.2be4.phicdn.net CNAME fp2e7a.wpc.phicdn.net A 192.229.211.108 A 192.229.211.108,facebook
3.949951124,192.168.65.7,172.28.0.2,DNS,327,Standard query response 0xeac9 A ocsp.digicert.com CNAME ocsp.edge.digicert.com CNAME fp2e7a.wpc.2be4.phicdn.net CNAME fp2e7a.wpc.phicdn.net A 192.229.211.108 A 192.229.211.108,facebook
3.950561989,172.28.0.2,192.229.211.108,TCP,74,54782 → 80 [SYN] Seq=0 Win=64240 Len=0 MSS=1460 SACK_PERM=1 TSval=2055954486 TSecr=0 WS=128,facebook
3.953025830,192.229.211.108,172.28.0.2,TCP,74,"80 → 54782 [SYN, ACK] Seq=0 Ack=1 Win=29184 Len=0 MSS=1460 TSval=139562168 TSecr=2055954486 WS=32",facebook
3.953085051,172.28.0.2,192.229.211.108,TCP,66,54782 → 80 [ACK] Seq=1 Ack=1 Win=64256 Len=0 TSval=2055954488 TSecr=139562168,facebook
3.953313306,172.28.0.2,192.229.211.108,OCSP,482,Request,facebook
3.954786608,192.229.211.108,172.28.0.2,TCP,66,80 → 54782 [ACK] Seq=1 Ack=417 Win=28768 Len=0 TSval=139562169 TSecr=2055954488,facebook
3.977888265,172.28.0.2,157.240.229.35,TCP,74,47876 → 443 [SYN] Seq=0 Win=64240 Len=0 MSS=1460 SACK_PERM=1 TSval=1154251044 TSecr=0 WS=128,facebook
3.981065791,157.240.229.35,172.28.0.2,TCP,74,"443 → 47876 [SYN, ACK] Seq=0 Ack=1 Win=29184 Len=0 MSS=1460 TSval=3948660079 TSecr=1154251044 WS=32",facebook
3.981117418,172.28.0.2,157.240.229.35,TCP,66,47876 → 443 [ACK] Seq=1 Ack=1 Win=64256 Len=0 TSval=1154251047 TSecr=3948660079,facebook
3.982423992,172.28.0.2,157.240.229.35,TLSv1,723,Client Hello,facebook
3.984043570,157.240.229.35,172.28.0.2,TCP,66,443 → 47876 [ACK] Seq=1 Ack=658 Win=523616 Len=0 TSval=3948660082 TSecr=1154251049,facebook
3.996594413,192.229.211.108,172.28.0.2,OCSP,822,Response,facebook
3.996653574,172.28.0.2,192.229.211.108,TCP,66,54782 → 80 [ACK] Seq=417 Ack=757 Win=64128 Len=0 TSval=2055954532 TSecr=139562211,facebook
3.996777516,192.229.211.108,172.28.0.2,TCP,66,"80 → 54782 [FIN, ACK] Seq=757 Ack=417 Win=524288 Len=0 TSval=139562211 TSecr=2055954488",facebook
3.996967002,172.28.0.2,192.229.211.108,TCP,66,"54782 → 80 [FIN, ACK] Seq=417 Ack=758 Win=64128 Len=0 TSval=2055954532 TSecr=139562211",facebook
3.998398795,192.229.211.108,172.28.0.2,TCP,66,80 → 54782 [ACK] Seq=758 Ack=418 Win=524256 Len=0 TSval=139562213 TSecr=2055954532,facebook
3.998547825,172.28.0.2,157.240.229.35,QUIC,176,"Protected Payload (KP0), DCID=a621003c10609e05",facebook
3.998637302,172.28.0.2,157.240.229.35,QUIC,110,"Protected Payload (KP0), DCID=a621003c10609e05",facebook
3.999011694,172.28.0.2,157.240.229.35,QUIC,444,"Protected Payload (KP0), DCID=a621003c10609e05",facebook
4.003101951,157.240.229.35,172.28.0.2,QUIC,102,"Protected Payload (KP0), DCID=729262",facebook
4.003313217,172.28.0.2,157.240.229.35,QUIC,78,"Protected Payload (KP0), DCID=a621003c10609e05",facebook
4.013901133,157.240.229.35,172.28.0.2,QUIC,84,"Handshake, DCID=729262, SCID=a621003c10609e05",facebook
4.013955365,157.240.229.35,172.28.0.2,QUIC,154,"Protected Payload (KP0), DCID=729262",facebook
4.013960705,157.240.229.35,172.28.0.2,QUIC,314,"Protected Payload (KP0), DCID=729262",facebook
4.013964432,157.240.229.35,172.28.0.2,QUIC,90,"Protected Payload (KP0), DCID=729262",facebook
4.014580011,172.28.0.2,157.240.229.35,QUIC,76,"Protected Payload (KP0), DCID=a621003c10609e05",facebook
4.022340522,157.240.229.35,172.28.0.2,TLSv1.3,1514,"Server Hello, Change Cipher Spec, Application Data",facebook
4.022387200,172.28.0.2,157.240.229.35,TCP,66,47876 → 443 [ACK] Seq=658 Ack=1449 Win=64128 Len=0 TSval=1154251089 TSecr=3948660120,facebook
4.022436001,157.240.229.35,172.28.0.2,TLSv1.3,1402,Application Data [TCP segment of a reassembled PDU],facebook
4.022441512,172.28.0.2,157.240.229.35,TCP,66,47876 → 443 [ACK] Seq=658 Ack=2785 Win=63232 Len=0 TSval=1154251089 TSecr=3948660120,facebook
4.022450949,157.240.229.35,172.28.0.2,TLSv1.3,850,Application Data,facebook
4.022453775,172.28.0.2,157.240.229.35,TCP,66,47876 → 443 [ACK] Seq=658 Ack=3569 Win=62464 Len=0 TSval=1154251089 TSecr=3948660120,facebook
4.027193829,172.28.0.2,192.168.65.7,DNS,77,Standard query 0xbb77 A ocsp.digicert.com,facebook
4.027575525,172.28.0.2,192.168.65.7,DNS,77,Standard query 0x21a1 A ocsp.digicert.com,facebook
4.030848144,192.168.65.7,172.28.0.2,DNS,327,Standard query response 0xbb77 A ocsp.digicert.com CNAME ocsp.edge.digicert.com CNAME fp2e7a.wpc.2be4.phicdn.net CNAME fp2e7a.wpc.phicdn.net A 192.229.211.108 A 192.229.211.108,facebook
4.032345145,192.168.65.7,172.28.0.2,DNS,327,Standard query response 0x21a1 A ocsp.digicert.com CNAME ocsp.edge.digicert.com CNAME fp2e7a.wpc.2be4.phicdn.net CNAME fp2e7a.wpc.phicdn.net A 192.229.211.108 A 192.229.211.108,facebook
4.033028987,172.28.0.2,192.229.211.108,TCP,74,54786 → 80 [SYN] Seq=0 Win=64240 Len=0 MSS=1460 SACK_PERM=1 TSval=2055954568 TSecr=0 WS=128,facebook
4.036066796,192.229.211.108,172.28.0.2,TCP,74,"80 → 54786 [SYN, ACK] Seq=0 Ack=1 Win=29184 Len=0 MSS=1460 TSval=139562251 TSecr=2055954568 WS=32",facebook
4.036129363,172.28.0.2,192.229.211.108,TCP,66,54786 → 80 [ACK] Seq=1 Ack=1 Win=64256 Len=0 TSval=2055954571 TSecr=139562251,facebook
4.036358949,172.28.0.2,192.229.211.108,OCSP,482,Request,facebook
4.037581360,192.229.211.108,172.28.0.2,TCP,66,80 → 54786 [ACK] Seq=1 Ack=417 Win=28768 Len=0 TSval=139562253 TSecr=2055954572,facebook
4.044674460,157.240.229.35,172.28.0.2,QUIC,1274,"Protected Payload (KP0), DCID=729262",facebook
4.044741726,157.240.229.35,172.28.0.2,QUIC,1274,"Protected Payload (KP0), DCID=729262",facebook
4.044752907,157.240.229.35,172.28.0.2,QUIC,1274,"Protected Payload (KP0), DCID=729262",facebook
4.044760482,157.240.229.35,172.28.0.2,QUIC,1274,"Protected Payload (KP0), DCID=729262",facebook
4.044768436,157.240.229.35,172.28.0.2,QUIC,1274,"Protected Payload (KP0), DCID=729262",facebook
4.044838367,157.240.229.35,172.28.0.2,QUIC,1274,"Protected Payload (KP0), DCID=729262",facebook
4.045588439,157.240.229.35,172.28.0.2,QUIC,1274,"Protected Payload (KP0), DCID=729262",facebook
4.045596985,157.240.229.35,172.28.0.2,QUIC,1274,"Protected Payload (KP0), DCID=729262",facebook
4.045601643,157.240.229.35,172.28.0.2,QUIC,858,"Protected Payload (KP0), DCID=729262",facebook
4.045809543,172.28.0.2,157.240.229.35,QUIC,83,"Protected Payload (KP0), DCID=a621003c10609e05",facebook
4.046301044,172.28.0.2,157.240.229.35,QUIC,76,"Protected Payload (KP0), DCID=a621003c10609e05",facebook
4.077716450,172.28.0.2,157.240.229.35,QUIC,1399,"Protected Payload (KP0), DCID=b52101021363b511",facebook
4.077851713,172.28.0.2,157.240.229.35,QUIC,206,"Protected Payload (KP0), DCID=b52101021363b511",facebook
4.077888703,172.28.0.2,192.168.65.7,DNS,74,Standard query 0x6750 A www.google.com,facebook
4.078084810,172.28.0.2,157.240.229.35,QUIC,1399,"Protected Payload (KP0), DCID=b52101021363b511",facebook
4.078143200,172.28.0.2,157.240.229.35,QUIC,206,"Protected Payload (KP0), DCID=b52101021363b511",facebook
4.078298070,172.28.0.2,31.13.66.19,QUIC,263,"Protected Payload (KP0), DCID=b82400370ddf15bb",facebook
4.078544743,172.28.0.2,157.240.229.35,QUIC,1399,"Protected Payload (KP0), DCID=b52101021363b511",facebook
4.078622388,172.28.0.2,157.240.229.35,QUIC,206,"Protected Payload (KP0), DCID=b52101021363b511",facebook
4.078892013,172.28.0.2,31.13.66.19,QUIC,266,"Protected Payload (KP0), DCID=b82400370ddf15bb",facebook
4.079193048,172.28.0.2,31.13.66.19,QUIC,72,"Protected Payload (KP0), DCID=b82400370ddf15bb",facebook
4.084458487,172.28.0.2,157.240.229.35,QUIC,1399,"Protected Payload (KP0), DCID=b52101021363b511",facebook
4.084582991,172.28.0.2,157.240.229.35,QUIC,199,"Protected Payload (KP0), DCID=b52101021363b511",facebook
4.086166248,157.240.229.35,172.28.0.2,QUIC,90,"Protected Payload (KP0), DCID=729262",facebook
4.091034864,192.229.211.108,172.28.0.2,OCSP,822,Response,facebook
4.091096109,172.28.0.2,192.229.211.108,TCP,66,54786 → 80 [ACK] Seq=417 Ack=757 Win=64128 Len=0 TSval=2055954626 TSecr=139562306,facebook
4.091158927,192.229.211.108,172.28.0.2,TCP,66,"80 → 54786 [FIN, ACK] Seq=757 Ack=417 Win=524288 Len=0 TSval=139562306 TSecr=2055954572",facebook
4.091356437,172.28.0.2,192.229.211.108,TCP,66,"54786 → 80 [FIN, ACK] Seq=417 Ack=758 Win=64128 Len=0 TSval=2055954627 TSecr=139562306",facebook
4.092687602,192.229.211.108,172.28.0.2,TCP,66,80 → 54786 [ACK] Seq=758 Ack=418 Win=524256 Len=0 TSval=139562308 TSecr=2055954626,facebook
4.095428109,172.28.0.2,157.240.229.35,TLSv1.3,130,"Change Cipher Spec, Application Data",facebook
4.095915412,172.28.0.2,157.240.229.35,TLSv1.3,236,Application Data,facebook
4.097158157,157.240.229.35,172.28.0.2,TCP,66,443 → 47876 [ACK] Seq=3569 Ack=722 Win=524224 Len=0 TSval=3948660195 TSecr=1154251162,facebook
4.097178795,157.240.229.35,172.28.0.2,TCP,66,443 → 47876 [ACK] Seq=3569 Ack=892 Win=524032 Len=0 TSval=3948660195 TSecr=1154251162,facebook
4.099778265,157.240.229.35,172.28.0.2,QUIC,90,"Protected Payload (KP0), DCID=b49427",facebook
4.100118801,172.28.0.2,157.240.229.35,QUIC,76,"Protected Payload (KP0), DCID=b52101021363b511",facebook
4.101474878,31.13.66.19,172.28.0.2,QUIC,90,"Protected Payload (KP0), DCID=57e92f",facebook
4.101873981,172.28.0.2,31.13.66.19,QUIC,76,"Protected Payload (KP0), DCID=b82400370ddf15bb",facebook
4.102983015,31.13.66.19,172.28.0.2,QUIC,1274,"Protected Payload (KP0), DCID=57e92f",facebook
4.103068415,31.13.66.19,172.28.0.2,QUIC,90,"Protected Payload (KP0), DCID=57e92f",facebook
4.103074747,31.13.66.19,172.28.0.2,QUIC,218,"Protected Payload (KP0), DCID=57e92f",facebook
4.103263639,172.28.0.2,31.13.66.19,QUIC,81,"Protected Payload (KP0), DCID=b82400370ddf15bb",facebook
4.106550071,157.240.229.35,172.28.0.2,QUIC,90,"Protected Payload (KP0), DCID=b49427",facebook
4.110998840,157.240.229.35,172.28.0.2,QUIC,90,"Protected Payload (KP0), DCID=b49427",facebook
4.111307193,172.28.0.2,157.240.229.35,QUIC,76,"Protected Payload (KP0), DCID=b52101021363b511",facebook
4.112788870,31.13.66.19,172.28.0.2,QUIC,90,"Protected Payload (KP0), DCID=57e92f",facebook
4.112877076,31.13.66.19,172.28.0.2,QUIC,90,"Protected Payload (KP0), DCID=57e92f",facebook
4.112883648,31.13.66.19,172.28.0.2,QUIC,90,"Protected Payload (KP0), DCID=57e92f",facebook
4.113117379,172.28.0.2,31.13.66.19,QUIC,76,"Protected Payload (KP0), DCID=b82400370ddf15bb",facebook
4.114839669,157.240.229.35,172.28.0.2,QUIC,282,"Protected Payload (KP0), DCID=b49427",facebook
4.115473492,172.28.0.2,157.240.229.35,QUIC,73,"Protected Payload (KP0), DCID=b52101021363b511",facebook
4.117570794,157.240.229.35,172.28.0.2,QUIC,90,"Protected Payload (KP0), DCID=b49427",facebook
4.117747189,172.28.0.2,157.240.229.35,QUIC,76,"Protected Payload (KP0), DCID=b52101021363b511",facebook
4.120038068,157.240.229.35,172.28.0.2,TLSv1.3,232,Application Data,facebook
4.120083984,172.28.0.2,157.240.229.35,TCP,66,47876 → 443 [ACK] Seq=892 Ack=3735 Win=64128 Len=0 TSval=1154251186 TSecr=3948660218,facebook
4.120134419,157.240.229.35,172.28.0.2,TLSv1.3,171,"Application Data, Application Data",facebook
4.120139709,172.28.0.2,157.240.229.35,TCP,66,47876 → 443 [ACK] Seq=892 Ack=3840 Win=64128 Len=0 TSval=1154251186 TSecr=3948660218,facebook
4.120580866,172.28.0.2,157.240.229.35,TLSv1.3,97,Application Data,facebook
4.121294483,157.240.229.35,172.28.0.2,QUIC,282,"Protected Payload (KP0), DCID=b49427",facebook
4.121648106,157.240.229.35,172.28.0.2,TCP,66,443 → 47876 [ACK] Seq=3840 Ack=923 Win=524256 Len=0 TSval=3948660220 TSecr=1154251187,facebook
4.121755067,172.28.0.2,157.240.229.35,QUIC,73,"Protected Payload (KP0), DCID=b52101021363b511",facebook
4.122147552,172.28.0.2,192.168.65.7,DNS,75,Standard query 0xf2bd A www.gstatic.com,facebook
4.127541125,157.240.229.35,172.28.0.2,QUIC,282,"Protected Payload (KP0), DCID=b49427",facebook
4.128163464,172.28.0.2,157.240.229.35,QUIC,81,"Protected Payload (KP0), DCID=b52101021363b511",facebook
4.137946241,31.13.66.19,172.28.0.2,QUIC,90,"Protected Payload (KP0), DCID=57e92f",facebook
4.138093076,157.240.229.35,172.28.0.2,QUIC,282,"Protected Payload (KP0), DCID=b49427",facebook
4.138413732,172.28.0.2,157.240.229.35,QUIC,73,"Protected Payload (KP0), DCID=b52101021363b511",facebook
4.138815535,172.28.0.2,157.240.229.35,QUIC,1399,"Protected Payload (KP0), DCID=b52101021363b511",facebook
4.138898902,172.28.0.2,157.240.229.35,QUIC,1399,"Protected Payload (KP0), DCID=b52101021363b511",facebook
4.139411583,172.28.0.2,157.240.229.35,QUIC,1399,"Protected Payload (KP0), DCID=b52101021363b511",facebook
4.141948067,172.28.0.2,157.240.229.35,QUIC,1399,"Protected Payload (KP0), DCID=b52101021363b511",facebook
4.143400349,172.28.0.2,157.240.229.35,QUIC,1055,"Protected Payload (KP0), DCID=b52101021363b511",facebook
4.153538342,157.240.229.35,172.28.0.2,QUIC,90,"Protected Payload (KP0), DCID=b49427",facebook
4.153801115,172.28.0.2,157.240.229.35,QUIC,76,"Protected Payload (KP0), DCID=b52101021363b511",facebook
4.155366659,157.240.229.35,172.28.0.2,QUIC,90,"Protected Payload (KP0), DCID=b49427",facebook
4.155388270,157.240.229.35,172.28.0.2,QUIC,90,"Protected Payload (KP0), DCID=b49427",facebook
4.155593825,172.28.0.2,157.240.229.35,QUIC,76,"Protected Payload (KP0), DCID=b52101021363b511",facebook
4.156370891,172.28.0.2,192.168.65.7,DNS,75,Standard query 0x2da5 A www.gstatic.com,facebook
4.157239560,157.240.229.35,172.28.0.2,QUIC,90,"Protected Payload (KP0), DCID=b49427",facebook
4.159237815,157.240.229.35,172.28.0.2,QUIC,90,"Protected Payload (KP0), DCID=b49427",facebook
4.159507205,172.28.0.2,157.240.229.35,QUIC,76,"Protected Payload (KP0), DCID=b52101021363b511",facebook
4.169191753,157.240.229.35,172.28.0.2,QUIC,282,"Protected Payload (KP0), DCID=b49427",facebook
4.169472549,157.240.229.35,172.28.0.2,QUIC,282,"Protected Payload (KP0), DCID=b49427",facebook
4.169865235,172.28.0.2,157.240.229.35,QUIC,82,"Protected Payload (KP0), DCID=b52101021363b511",facebook
4.172221397,157.240.229.35,172.28.0.2,QUIC,282,"Protected Payload (KP0), DCID=b49427",facebook
4.172593209,172.28.0.2,157.240.229.35,QUIC,73,"Protected Payload (KP0), DCID=b52101021363b511",facebook
4.175004253,157.240.229.35,172.28.0.2,QUIC,282,"Protected Payload (KP0), DCID=b49427",facebook
4.175492583,172.28.0.2,157.240.229.35,QUIC,81,"Protected Payload (KP0), DCID=b52101021363b511",facebook
4.206024899,157.240.229.35,172.28.0.2,QUIC,90,"Protected Payload (KP0), DCID=b49427",facebook
4.226570826,192.168.65.7,172.28.0.2,DNS,254,Standard query response 0x6750 A www.google.com A 142.251.167.99 A 142.251.167.105 A 142.251.167.147 A 142.251.167.106 A 142.251.167.104 A 142.251.167.103,facebook
4.229735871,172.28.0.2,142.251.167.99,QUIC,1399,"Initial, DCID=82acc364247a54a1, SCID=80420b, PKN: 0, CRYPTO",facebook
4.247851484,142.251.167.99,172.28.0.2,QUIC,1399,"Initial, DCID=80420b, SCID=e2acc364247a54a1, PKN: 1, ACK, CRYPTO, PADDING",facebook
4.247903722,142.251.167.99,172.28.0.2,QUIC,1399,"Handshake, DCID=80420b, SCID=e2acc364247a54a1",facebook
4.247909994,142.251.167.99,172.28.0.2,QUIC,1399,"Handshake, DCID=80420b, SCID=e2acc364247a54a1",facebook
4.248398144,172.28.0.2,142.251.167.99,QUIC,84,"Handshake, DCID=e2acc364247a54a1, SCID=80420b",facebook
4.256725874,172.28.0.2,142.251.167.99,TCP,74,52486 → 443 [SYN] Seq=0 Win=64240 Len=0 MSS=1460 SACK_PERM=1 TSval=492372429 TSecr=0 WS=128,facebook
4.259525892,142.251.167.99,172.28.0.2,TCP,74,"443 → 52486 [SYN, ACK] Seq=0 Ack=1 Win=29184 Len=0 MSS=1460 TSval=337375974 TSecr=492372429 WS=32",facebook
4.259587638,172.28.0.2,142.251.167.99,TCP,66,52486 → 443 [ACK] Seq=1 Ack=1 Win=64256 Len=0 TSval=492372432 TSecr=337375974,facebook
4.261544771,172.28.0.2,142.251.167.99,TLSv1,728,Client Hello,facebook
4.262146680,192.168.65.7,172.28.0.2,DNS,106,Standard query response 0x2da5 A www.gstatic.com A 142.251.167.94,facebook
4.262363907,192.168.65.7,172.28.0.2,DNS,106,Standard query response 0xf2bd A www.gstatic.com A 142.251.167.94,facebook
4.262876347,172.28.0.2,142.251.167.94,TCP,74,43268 → 443 [SYN] Seq=0 Win=64240 Len=0 MSS=1460 SACK_PERM=1 TSval=2987587033 TSecr=0 WS=128,facebook
4.263120375,142.251.167.99,172.28.0.2,QUIC,1399,"Handshake, DCID=80420b, SCID=e2acc364247a54a1",facebook
4.263214722,142.251.167.99,172.28.0.2,TCP,66,443 → 52486 [ACK] Seq=1 Ack=663 Win=523616 Len=0 TSval=337375978 TSecr=492372434,facebook
4.263236843,142.251.167.99,172.28.0.2,QUIC,1399,"Handshake, DCID=80420b, SCID=e2acc364247a54a1",facebook
4.263243265,142.251.167.99,172.28.0.2,QUIC,1399,"Handshake, DCID=80420b, SCID=e2acc364247a54a1",facebook
4.263248465,142.251.167.99,172.28.0.2,QUIC,415,"Protected Payload (KP0), DCID=80420b",facebook
4.265223717,172.28.0.2,142.251.167.99,QUIC,85,"Handshake, DCID=e2acc364247a54a1, SCID=80420b",facebook
4.266395794,172.28.0.2,142.251.167.94,QUIC,1399,"Initial, DCID=0e6aff530b255cbf, SCID=ed5da5, PKN: 0, CRYPTO",facebook
4.266407837,142.251.167.94,172.28.0.2,TCP,74,"443 → 43268 [SYN, ACK] Seq=0 Ack=1 Win=29184 Len=0 MSS=1460 TSval=2738760324 TSecr=2987587033 WS=32",facebook
4.266443844,172.28.0.2,142.251.167.94,TCP,66,43268 → 443 [ACK] Seq=1 Ack=1 Win=64256 Len=0 TSval=2987587037 TSecr=2738760324,facebook
4.267548074,172.28.0.2,142.251.167.94,TLSv1,729,Client Hello,facebook
4.268384186,142.251.167.94,172.28.0.2,TCP,66,443 → 43268 [ACK] Seq=1 Ack=664 Win=523616 Len=0 TSval=2738760327 TSecr=2987587038,facebook
4.270266630,172.28.0.2,192.168.65.7,DNS,73,Standard query 0x6729 A ocsp.pki.goog,facebook
4.286691106,142.251.167.94,172.28.0.2,QUIC,1399,"Initial, DCID=ed5da5, SCID=ee6aff530b255cbf, PKN: 1, ACK, CRYPTO, PADDING",facebook
4.287219477,172.28.0.2,142.251.167.94,QUIC,82,"Handshake, DCID=ee6aff530b255cbf, SCID=ed5da5",facebook
4.287310467,142.251.167.94,172.28.0.2,QUIC,1399,"Handshake, DCID=ed5da5, SCID=ee6aff530b255cbf",facebook
4.287357636,142.251.167.94,172.28.0.2,QUIC,1399,"Handshake, DCID=ed5da5, SCID=ee6aff530b255cbf",facebook
4.287553603,172.28.0.2,142.251.167.94,QUIC,84,"Handshake, DCID=ee6aff530b255cbf, SCID=ed5da5",facebook
4.293301061,142.251.167.99,172.28.0.2,TLSv1.3,1514,"Server Hello, Change Cipher Spec",facebook
4.293343651,172.28.0.2,142.251.167.99,TCP,66,52486 → 443 [ACK] Seq=663 Ack=1449 Win=64128 Len=0 TSval=492372465 TSecr=337376008,facebook
4.293389116,142.251.167.99,172.28.0.2,TCP,1514,443 → 52486 [ACK] Seq=1449 Ack=663 Win=524288 Len=1448 TSval=337376008 TSecr=492372434 [TCP segment of a reassembled PDU],facebook
4.293396520,172.28.0.2,142.251.167.99,TCP,66,52486 → 443 [ACK] Seq=663 Ack=2897 Win=63232 Len=0 TSval=492372466 TSecr=337376008,facebook
4.293404895,142.251.167.99,172.28.0.2,TCP,1406,"443 → 52486 [PSH, ACK] Seq=2897 Ack=663 Win=524288 Len=1340 TSval=337376008 TSecr=492372434 [TCP segment of a reassembled PDU]",facebook
4.293407360,172.28.0.2,142.251.167.99,TCP,66,52486 → 443 [ACK] Seq=663 Ack=4237 Win=62080 Len=0 TSval=492372466 TSecr=337376008,facebook
4.293413181,142.251.167.99,172.28.0.2,TLSv1.3,118,Application Data,facebook
4.293415165,172.28.0.2,142.251.167.99,TCP,66,52486 → 443 [ACK] Seq=663 Ack=4289 Win=62080 Len=0 TSval=492372466 TSecr=337376008,facebook
4.304201328,142.251.167.94,172.28.0.2,TLSv1.3,1514,"Server Hello, Change Cipher Spec",facebook
4.304235923,172.28.0.2,142.251.167.94,TCP,66,43268 → 443 [ACK] Seq=664 Ack=1449 Win=64128 Len=0 TSval=2987587074 TSecr=2738760362,facebook
4.304278522,142.251.167.94,172.28.0.2,TCP,1514,443 → 43268 [ACK] Seq=1449 Ack=664 Win=524288 Len=1448 TSval=2738760362 TSecr=2987587038 [TCP segment of a reassembled PDU],facebook
4.304283943,172.28.0.2,142.251.167.94,TCP,66,43268 → 443 [ACK] Seq=664 Ack=2897 Win=63232 Len=0 TSval=2987587074 TSecr=2738760362,facebook
4.304293130,142.251.167.94,172.28.0.2,TCP,1406,"443 → 43268 [PSH, ACK] Seq=2897 Ack=664 Win=524288 Len=1340 TSval=2738760362 TSecr=2987587038 [TCP segment of a reassembled PDU]",facebook
4.304295955,172.28.0.2,142.251.167.94,TCP,66,43268 → 443 [ACK] Seq=664 Ack=4237 Win=62080 Len=0 TSval=2987587074 TSecr=2738760362,facebook
4.304302307,142.251.167.94,172.28.0.2,TLSv1.3,149,Application Data,facebook
4.304304461,172.28.0.2,142.251.167.94,TCP,66,43268 → 443 [ACK] Seq=664 Ack=4320 Win=62080 Len=0 TSval=2987587074 TSecr=2738760362,facebook
4.305777497,142.251.167.94,172.28.0.2,QUIC,1399,"Handshake, DCID=ed5da5, SCID=ee6aff530b255cbf",facebook
4.305792595,142.251.167.94,172.28.0.2,QUIC,528,"Protected Payload (KP0), DCID=ed5da5",facebook
4.308089546,172.28.0.2,142.251.167.94,QUIC,85,"Handshake, DCID=ee6aff530b255cbf, SCID=ed5da5",facebook
4.308416909,172.28.0.2,142.251.167.99,QUIC,82,"Handshake, DCID=e2acc364247a54a1, SCID=80420b",facebook
4.308463457,172.28.0.2,142.251.167.99,QUIC,82,"Handshake, DCID=e2acc364247a54a1, SCID=80420b",facebook
4.311832381,192.168.65.7,172.28.0.2,DNS,158,Standard query response 0x6729 A ocsp.pki.goog CNAME pki-goog.l.google.com A 142.251.16.94,facebook
4.312546821,172.28.0.2,142.251.16.94,TCP,74,50916 → 80 [SYN] Seq=0 Win=64240 Len=0 MSS=1460 SACK_PERM=1 TSval=3195893391 TSecr=0 WS=128,facebook
4.312633072,172.28.0.2,142.251.16.94,TCP,74,50918 → 80 [SYN] Seq=0 Win=64240 Len=0 MSS=1460 SACK_PERM=1 TSval=3195893391 TSecr=0 WS=128,facebook
4.312866830,172.28.0.2,142.251.16.94,TCP,74,50920 → 80 [SYN] Seq=0 Win=64240 Len=0 MSS=1460 SACK_PERM=1 TSval=3195893391 TSecr=0 WS=128,facebook
4.312888812,172.28.0.2,142.251.16.94,TCP,74,50922 → 80 [SYN] Seq=0 Win=64240 Len=0 MSS=1460 SACK_PERM=1 TSval=3195893391 TSecr=0 WS=128,facebook
4.315284823,142.251.16.94,172.28.0.2,TCP,74,"80 → 50916 [SYN, ACK] Seq=0 Ack=1 Win=29184 Len=0 MSS=1460 TSval=1805945310 TSecr=3195893391 WS=32",facebook
4.315338503,172.28.0.2,142.251.16.94,TCP,66,50916 → 80 [ACK] Seq=1 Ack=1 Win=64256 Len=0 TSval=3195893393 TSecr=1805945310,facebook
4.315387385,142.251.16.94,172.28.0.2,TCP,74,"80 → 50918 [SYN, ACK] Seq=0 Ack=1 Win=29184 Len=0 MSS=1460 TSval=1805945310 TSecr=3195893391 WS=32",facebook
4.315395480,172.28.0.2,142.251.16.94,TCP,66,50918 → 80 [ACK] Seq=1 Ack=1 Win=64256 Len=0 TSval=3195893394 TSecr=1805945310,facebook
4.315551132,172.28.0.2,142.251.16.94,OCSP,484,Request,facebook
4.315644176,172.28.0.2,142.251.16.94,OCSP,484,Request,facebook
4.315688179,142.251.16.94,172.28.0.2,TCP,74,"80 → 50922 [SYN, ACK] Seq=0 Ack=1 Win=29184 Len=0 MSS=1460 TSval=1805945310 TSecr=3195893391 WS=32",facebook
4.315709859,172.28.0.2,142.251.16.94,TCP,66,50922 → 80 [ACK] Seq=1 Ack=1 Win=64256 Len=0 TSval=3195893394 TSecr=1805945310,facebook
4.315799317,172.28.0.2,142.251.16.94,OCSP,485,Request,facebook
4.315879217,142.251.16.94,172.28.0.2,TCP,74,"80 → 50920 [SYN, ACK] Seq=0 Ack=1 Win=29184 Len=0 MSS=1460 TSval=1805945311 TSecr=3195893391 WS=32",facebook
4.315924261,172.28.0.2,142.251.16.94,TCP,66,50920 → 80 [ACK] Seq=1 Ack=1 Win=64256 Len=0 TSval=3195893394 TSecr=1805945311,facebook
4.316050097,172.28.0.2,142.251.16.94,OCSP,484,Request,facebook
4.316627194,142.251.16.94,172.28.0.2,TCP,66,80 → 50916 [ACK] Seq=1 Ack=419 Win=28736 Len=0 TSval=1805945312 TSecr=3195893394,facebook
4.316641360,142.251.16.94,172.28.0.2,TCP,66,80 → 50918 [ACK] Seq=1 Ack=419 Win=28736 Len=0 TSval=1805945312 TSecr=3195893394,facebook
4.316783417,142.251.16.94,172.28.0.2,TCP,66,80 → 50922 [ACK] Seq=1 Ack=420 Win=28736 Len=0 TSval=1805945312 TSecr=3195893394,facebook
4.317162768,142.251.16.94,172.28.0.2,TCP,66,80 → 50920 [ACK] Seq=1 Ack=419 Win=28736 Len=0 TSval=1805945312 TSecr=3195893394,facebook
4.321700032,142.251.167.99,172.28.0.2,QUIC,84,"Handshake, DCID=80420b, SCID=e2acc364247a54a1",facebook
4.343494590,172.28.0.2,142.251.167.94,QUIC,82,"Handshake, DCID=ee6aff530b255cbf, SCID=ed5da5",facebook
4.343574069,172.28.0.2,142.251.167.94,QUIC,82,"Handshake, DCID=ee6aff530b255cbf, SCID=ed5da5",facebook
4.361857234,142.251.167.94,172.28.0.2,QUIC,84,"Handshake, DCID=ed5da5, SCID=ee6aff530b255cbf",facebook
4.362222824,172.28.0.2,142.251.167.99,QUIC,82,"Handshake, DCID=e2acc364247a54a1, SCID=80420b",facebook
4.362296332,172.28.0.2,142.251.167.99,QUIC,82,"Handshake, DCID=e2acc364247a54a1, SCID=80420b",facebook
4.370568307,142.251.16.94,172.28.0.2,OCSP,787,Response,facebook
4.370605878,172.28.0.2,142.251.16.94,TCP,66,50922 → 80 [ACK] Seq=420 Ack=722 Win=64128 Len=0 TSval=3195893449 TSecr=1805945365,facebook
4.370653697,142.251.16.94,172.28.0.2,TCP,66,"80 → 50922 [FIN, ACK] Seq=722 Ack=420 Win=523776 Len=0 TSval=1805945365 TSecr=3195893394",facebook
4.370662343,142.251.16.94,172.28.0.2,OCSP,786,Response,facebook
4.370666982,172.28.0.2,142.251.16.94,TCP,66,50920 → 80 [ACK] Seq=419 Ack=721 Win=64128 Len=0 TSval=3195893449 TSecr=1805945366,facebook
4.370675769,142.251.16.94,172.28.0.2,TCP,66,"80 → 50920 [FIN, ACK] Seq=721 Ack=419 Win=524288 Len=0 TSval=1805945366 TSecr=3195893394",facebook
4.371021978,172.28.0.2,142.251.16.94,TCP,66,"50922 → 80 [FIN, ACK] Seq=420 Ack=723 Win=64128 Len=0 TSval=3195893449 TSecr=1805945365",facebook
4.371153995,172.28.0.2,142.251.16.94,TCP,66,"50920 → 80 [FIN, ACK] Seq=419 Ack=722 Win=64128 Len=0 TSval=3195893449 TSecr=1805945366",facebook
4.372271079,142.251.16.94,172.28.0.2,TCP,66,80 → 50922 [ACK] Seq=723 Ack=421 Win=523776 Len=0 TSval=1805945367 TSecr=3195893449,facebook
4.372292108,142.251.16.94,172.28.0.2,TCP,66,80 → 50920 [ACK] Seq=722 Ack=420 Win=524256 Len=0 TSval=1805945368 TSecr=3195893449,facebook
4.372381456,172.28.0.2,142.251.167.99,TLSv1.3,130,"Change Cipher Spec, Application Data",facebook
4.372721042,172.28.0.2,142.251.167.94,TLSv1.3,130,"Change Cipher Spec, Application Data",facebook
4.372986270,142.251.16.94,172.28.0.2,OCSP,786,Response,facebook
4.372993283,172.28.0.2,142.251.16.94,TCP,66,50918 → 80 [ACK] Seq=419 Ack=721 Win=64128 Len=0 TSval=3195893451 TSecr=1805945368,facebook
4.373037155,142.251.16.94,172.28.0.2,TCP,66,"80 → 50918 [FIN, ACK] Seq=721 Ack=419 Win=524288 Len=0 TSval=1805945368 TSecr=3195893394",facebook
4.373055359,172.28.0.2,142.251.167.99,TLSv1.3,236,Application Data,facebook
4.373155577,172.28.0.2,142.251.167.99,TLSv1.3,541,Application Data,facebook
4.373475769,142.251.167.99,172.28.0.2,TCP,66,443 → 52486 [ACK] Seq=4289 Ack=727 Win=524224 Len=0 TSval=337376089 TSecr=492372545,facebook
4.373868844,172.28.0.2,142.251.16.94,TCP,66,"50918 → 80 [FIN, ACK] Seq=419 Ack=722 Win=64128 Len=0 TSval=3195893452 TSecr=1805945368",facebook
4.373937973,172.28.0.2,142.251.167.94,TLSv1.3,236,Application Data,facebook
4.374013846,142.251.167.94,172.28.0.2,TCP,66,443 → 43268 [ACK] Seq=4320 Ack=728 Win=524224 Len=0 TSval=2738760432 TSecr=2987587143,facebook
4.374119684,142.251.16.94,172.28.0.2,OCSP,786,Response,facebook
4.374131105,172.28.0.2,142.251.16.94,TCP,66,50916 → 80 [ACK] Seq=419 Ack=721 Win=64128 Len=0 TSval=3195893452 TSecr=1805945369,facebook
4.374293971,142.251.167.99,172.28.0.2,TCP,66,443 → 52486 [ACK] Seq=4289 Ack=897 Win=524032 Len=0 TSval=337376089 TSecr=492372545,facebook
4.374303348,142.251.16.94,172.28.0.2,TCP,66,"80 → 50916 [FIN, ACK] Seq=721 Ack=419 Win=524288 Len=0 TSval=1805945369 TSecr=3195893394",facebook
4.374402534,172.28.0.2,142.251.16.94,TCP,66,"50916 → 80 [FIN, ACK] Seq=419 Ack=722 Win=64128 Len=0 TSval=3195893453 TSecr=1805945369",facebook
4.374487974,142.251.167.99,172.28.0.2,TCP,66,443 → 52486 [ACK] Seq=4289 Ack=1372 Win=523552 Len=0 TSval=337376089 TSecr=492372545,facebook
4.375123476,142.251.16.94,172.28.0.2,TCP,66,80 → 50918 [ACK] Seq=722 Ack=420 Win=524256 Len=0 TSval=1805945370 TSecr=3195893451,facebook
4.375234579,142.251.167.94,172.28.0.2,TCP,66,443 → 43268 [ACK] Seq=4320 Ack=898 Win=524032 Len=0 TSval=2738760433 TSecr=2987587144,facebook
4.375322854,142.251.16.94,172.28.0.2,TCP,66,80 → 50916 [ACK] Seq=722 Ack=420 Win=524256 Len=0 TSval=1805945371 TSecr=3195893452,facebook
4.375801476,172.28.0.2,142.251.167.99,QUIC,173,"Protected Payload (KP0), DCID=e2acc364247a54a1",facebook
4.375955545,172.28.0.2,142.251.167.99,QUIC,107,"Protected Payload (KP0), DCID=e2acc364247a54a1",facebook
4.376096770,172.28.0.2,142.251.167.94,QUIC,173,"Protected Payload (KP0), DCID=ee6aff530b255cbf",facebook
4.376145121,172.28.0.2,142.251.167.94,QUIC,110,"Protected Payload (KP0), DCID=ee6aff530b255cbf",facebook
4.376311152,142.251.167.99,172.28.0.2,QUIC,84,"Handshake, DCID=80420b, SCID=e2acc364247a54a1",facebook
4.385771790,142.251.167.99,172.28.0.2,TLSv1.3,680,"Application Data, Application Data",facebook
4.385805703,172.28.0.2,142.251.167.99,TCP,66,52486 → 443 [ACK] Seq=1372 Ack=4903 Win=64128 Len=0 TSval=492372558 TSecr=337376101,facebook
4.385847091,142.251.167.99,172.28.0.2,TLSv1.3,97,Application Data,facebook
4.385851369,172.28.0.2,142.251.167.99,TCP,66,52486 → 443 [ACK] Seq=1372 Ack=4934 Win=64128 Len=0 TSval=492372558 TSecr=337376101,facebook
4.386357613,172.28.0.2,142.251.167.99,TLSv1.3,97,Application Data,facebook
4.387448913,142.251.167.99,172.28.0.2,TCP,66,443 → 52486 [ACK] Seq=4934 Ack=1403 Win=524256 Len=0 TSval=337376103 TSecr=492372559,facebook
4.389443682,142.251.167.94,172.28.0.2,TLSv1.3,680,"Application Data, Application Data",facebook
4.389495530,172.28.0.2,142.251.167.94,TCP,66,43268 → 443 [ACK] Seq=898 Ack=4934 Win=64128 Len=0 TSval=2987587160 TSecr=2738760447,facebook
4.389692900,142.251.167.94,172.28.0.2,TLSv1.3,97,Application Data,facebook
4.389697368,172.28.0.2,142.251.167.94,TCP,66,43268 → 443 [ACK] Seq=898 Ack=4965 Win=64128 Len=0 TSval=2987587160 TSecr=2738760447,facebook
4.389707968,142.251.167.99,172.28.0.2,QUIC,657,"Protected Payload (KP0), DCID=80420b",facebook
4.389715602,142.251.167.99,172.28.0.2,QUIC,166,"Protected Payload (KP0), DCID=80420b",facebook
4.389719179,142.251.167.99,172.28.0.2,QUIC,68,"Protected Payload (KP0), DCID=80420b",facebook
4.389881328,172.28.0.2,142.251.167.94,TLSv1.3,97,Application Data,facebook
4.390930304,172.28.0.2,142.251.167.99,QUIC,73,"Protected Payload (KP0), DCID=e2acc364247a54a1",facebook
4.391883977,142.251.167.94,172.28.0.2,TCP,66,443 → 43268 [ACK] Seq=4965 Ack=929 Win=524256 Len=0 TSval=2738760449 TSecr=2987587160,facebook
4.394197984,142.251.167.94,172.28.0.2,QUIC,657,"Protected Payload (KP0), DCID=ed5da5",facebook
4.394234422,142.251.167.94,172.28.0.2,QUIC,166,"Protected Payload (KP0), DCID=ed5da5",facebook
4.394239492,142.251.167.94,172.28.0.2,QUIC,68,"Protected Payload (KP0), DCID=ed5da5",facebook
4.395284255,172.28.0.2,142.251.167.94,QUIC,73,"Protected Payload (KP0), DCID=ee6aff530b255cbf",facebook
4.414925927,142.251.167.99,172.28.0.2,TLSv1.3,654,Application Data,facebook
4.414963087,172.28.0.2,142.251.167.99,TCP,66,52486 → 443 [ACK] Seq=1403 Ack=5522 Win=64128 Len=0 TSval=492372587 TSecr=337376128,facebook
4.415011307,142.251.167.99,172.28.0.2,TLSv1.3,1514,Application Data,facebook
4.415016226,172.28.0.2,142.251.167.99,TCP,66,52486 → 443 [ACK] Seq=1403 Ack=6970 Win=63232 Len=0 TSval=492372587 TSecr=337376129,facebook
4.415025544,142.251.167.99,172.28.0.2,TLSv1.3,1514,Application Data [TCP segment of a reassembled PDU],facebook
4.415028669,172.28.0.2,142.251.167.99,TCP,66,52486 → 443 [ACK] Seq=1403 Ack=8418 Win=62080 Len=0 TSval=492372587 TSecr=337376129,facebook
4.415034991,142.251.167.99,172.28.0.2,TLSv1.3,1514,Application Data [TCP segment of a reassembled PDU],facebook
4.415038177,172.28.0.2,142.251.167.99,TCP,66,52486 → 443 [ACK] Seq=1403 Ack=9866 Win=60928 Len=0 TSval=492372587 TSecr=337376129,facebook
4.415043998,142.251.167.99,172.28.0.2,TLSv1.3,1359,Application Data,facebook
4.415047535,172.28.0.2,142.251.167.99,TCP,66,52486 → 443 [ACK] Seq=1403 Ack=11159 Win=59776 Len=0 TSval=492372587 TSecr=337376129,facebook
4.415059046,142.251.167.99,172.28.0.2,TLSv1.3,1514,Application Data,facebook
4.415062353,172.28.0.2,142.251.167.99,TCP,66,52486 → 443 [ACK] Seq=1403 Ack=12607 Win=59776 Len=0 TSval=492372587 TSecr=337376129,facebook
4.415071760,142.251.167.99,172.28.0.2,TLSv1.3,1442,Application Data,facebook
4.415549671,172.28.0.2,142.251.167.99,TCP,66,52486 → 443 [ACK] Seq=1403 Ack=13983 Win=64128 Len=0 TSval=492372588 TSecr=337376129,facebook
4.415593022,142.251.167.99,172.28.0.2,TLSv1.3,1514,Application Data,facebook
4.415601228,142.251.167.99,172.28.0.2,TLSv1.3,1514,Application Data [TCP segment of a reassembled PDU],facebook
4.415605786,142.251.167.99,172.28.0.2,TLSv1.3,1406,Application Data,facebook
4.415610185,142.251.167.99,172.28.0.2,TLSv1.3,1478,Application Data,facebook
4.415624451,172.28.0.2,142.251.167.99,TCP,66,52486 → 443 [ACK] Seq=1403 Ack=19631 Win=60928 Len=0 TSval=492372588 TSecr=337376131,facebook
4.416266790,142.251.167.99,172.28.0.2,TLSv1.3,1514,"Application Data, Application Data",facebook
4.416313889,142.251.167.99,172.28.0.2,TLSv1.3,1442,Application Data [TCP segment of a reassembled PDU],facebook
4.416319349,172.28.0.2,142.251.167.99,TCP,66,52486 → 443 [ACK] Seq=1403 Ack=22455 Win=63232 Len=0 TSval=492372588 TSecr=337376131,facebook
4.416978840,142.251.167.99,172.28.0.2,TLSv1.3,1514,Application Data [TCP segment of a reassembled PDU],facebook
4.417017653,142.251.167.99,172.28.0.2,TLSv1.3,1442,Application Data [TCP segment of a reassembled PDU],facebook
4.417023093,172.28.0.2,142.251.167.99,TCP,66,52486 → 443 [ACK] Seq=1403 Ack=25279 Win=63232 Len=0 TSval=492372589 TSecr=337376132,facebook
4.418132683,142.251.167.99,172.28.0.2,TLSv1.3,1514,Application Data [TCP segment of a reassembled PDU],facebook
4.418139706,172.28.0.2,142.251.167.99,TCP,66,52486 → 443 [ACK] Seq=1403 Ack=26727 Win=67072 Len=0 TSval=492372590 TSecr=337376133,facebook
4.418206551,142.251.167.99,172.28.0.2,TLSv1.3,1514,Application Data [TCP segment of a reassembled PDU],facebook
4.418211070,172.28.0.2,142.251.167.99,TCP,66,52486 → 443 [ACK] Seq=1403 Ack=28175 Win=69888 Len=0 TSval=492372590 TSecr=337376133,facebook
4.418220748,142.251.167.99,172.28.0.2,TLSv1.3,1514,Application Data [TCP segment of a reassembled PDU],facebook
4.418223283,172.28.0.2,142.251.167.99,TCP,66,52486 → 443 [ACK] Seq=1403 Ack=29623 Win=72832 Len=0 TSval=492372590 TSecr=337376133,facebook
4.418230065,142.251.167.99,172.28.0.2,TLSv1.3,1370,Application Data [TCP segment of a reassembled PDU],facebook
4.418232560,172.28.0.2,142.251.167.99,TCP,66,52486 → 443 [ACK] Seq=1403 Ack=30927 Win=75776 Len=0 TSval=492372590 TSecr=337376133,facebook
4.419407312,142.251.167.99,172.28.0.2,TLSv1.3,1514,Application Data [TCP segment of a reassembled PDU],facebook
4.419412903,172.28.0.2,142.251.167.99,TCP,66,52486 → 443 [ACK] Seq=1403 Ack=32375 Win=78592 Len=0 TSval=492372592 TSecr=337376134,facebook
4.419476943,142.251.167.99,172.28.0.2,TLSv1.3,1442,Application Data [TCP segment of a reassembled PDU],facebook
4.419481251,172.28.0.2,142.251.167.99,TCP,66,52486 → 443 [ACK] Seq=1403 Ack=33751 Win=81536 Len=0 TSval=492372592 TSecr=337376134,facebook
4.420183507,142.251.167.99,172.28.0.2,TLSv1.3,1453,"Application Data, Application Data, Application Data, Application Data",facebook
4.420190330,172.28.0.2,142.251.167.99,TCP,66,52486 → 443 [ACK] Seq=1403 Ack=35138 Win=84480 Len=0 TSval=492372592 TSecr=337376135,facebook
4.420378988,172.28.0.2,142.251.167.99,TLSv1.3,105,Application Data,facebook
4.421776493,142.251.167.99,172.28.0.2,TCP,66,443 → 52486 [ACK] Seq=35138 Ack=1442 Win=524224 Len=0 TSval=337376137 TSecr=492372593,facebook
4.426188182,172.28.0.2,192.168.65.7,DNS,75,Standard query 0xcc5e A www.gstatic.com,facebook
4.429306407,192.168.65.7,172.28.0.2,DNS,106,Standard query response 0xcc5e A www.gstatic.com A 142.251.167.94,facebook
4.436050789,172.28.0.2,142.251.167.94,QUIC,1399,"Initial, DCID=5eea1ac6e7bd5da9, SCID=844295, PKN: 0, CRYPTO",facebook
4.455733693,142.251.167.94,172.28.0.2,QUIC,1399,"Initial, DCID=844295, SCID=feea1ac6e7bd5da9, PKN: 1, ACK, CRYPTO, PADDING",facebook
4.456238349,142.251.167.94,172.28.0.2,QUIC,1399,"Handshake, DCID=844295, SCID=feea1ac6e7bd5da9",facebook
4.456244410,142.251.167.94,172.28.0.2,QUIC,1399,"Handshake, DCID=844295, SCID=feea1ac6e7bd5da9",facebook
4.456378532,172.28.0.2,142.251.167.94,QUIC,84,"Handshake, DCID=feea1ac6e7bd5da9, SCID=844295",facebook
4.473348105,142.251.167.94,172.28.0.2,QUIC,1399,"Handshake, DCID=844295, SCID=feea1ac6e7bd5da9",facebook
4.473391706,142.251.167.94,172.28.0.2,QUIC,525,"Protected Payload (KP0), DCID=844295",facebook
4.474350669,172.28.0.2,142.251.167.94,QUIC,85,"Handshake, DCID=feea1ac6e7bd5da9, SCID=844295",facebook
4.477278367,172.28.0.2,142.251.167.94,QUIC,173,"Protected Payload (KP0), DCID=feea1ac6e7bd5da9",facebook
4.477357495,172.28.0.2,142.251.167.94,QUIC,112,"Protected Payload (KP0), DCID=feea1ac6e7bd5da9",facebook
4.484470548,172.28.0.2,142.251.167.99,QUIC,450,"Protected Payload (KP0), DCID=e2acc364247a54a1",facebook
4.485042790,172.28.0.2,142.251.167.99,QUIC,72,"Protected Payload (KP0), DCID=e2acc364247a54a1",facebook
4.493898174,142.251.167.94,172.28.0.2,QUIC,657,"Protected Payload (KP0), DCID=844295",facebook
4.493944501,142.251.167.94,172.28.0.2,QUIC,166,"Protected Payload (KP0), DCID=844295",facebook
4.493949991,142.251.167.94,172.28.0.2,QUIC,68,"Protected Payload (KP0), DCID=844295",facebook
4.494765545,172.28.0.2,142.251.167.94,QUIC,73,"Protected Payload (KP0), DCID=feea1ac6e7bd5da9",facebook
4.503270071,142.251.167.99,172.28.0.2,QUIC,72,"Protected Payload (KP0), DCID=80420b",facebook
4.503317069,142.251.167.99,172.28.0.2,QUIC,73,"Protected Payload (KP0), DCID=80420b",facebook
4.503643777,172.28.0.2,142.251.167.99,QUIC,73,"Protected Payload (KP0), DCID=e2acc364247a54a1",facebook
4.507507759,172.28.0.2,192.168.65.7,DNS,77,Standard query 0xb8bc A fonts.gstatic.com,facebook
4.509798593,192.168.65.7,172.28.0.2,DNS,110,Standard query response 0xb8bc A fonts.gstatic.com A 172.253.115.94,facebook
4.700706550,172.28.0.2,142.251.167.99,QUIC,350,"Protected Payload (KP0), DCID=e2acc364247a54a1",facebook
4.717524028,142.251.167.99,172.28.0.2,QUIC,72,"Protected Payload (KP0), DCID=80420b",facebook
4.717781200,172.28.0.2,142.251.167.99,QUIC,73,"Protected Payload (KP0), DCID=e2acc364247a54a1",facebook
4.729634829,172.28.0.2,157.240.229.35,QUIC,393,"Protected Payload (KP0), DCID=b52101021363b511",facebook
4.736336285,142.251.167.99,172.28.0.2,QUIC,552,"Protected Payload (KP0), DCID=80420b",facebook
4.736382722,142.251.167.99,172.28.0.2,QUIC,78,"Protected Payload (KP0), DCID=80420b",facebook
4.737052793,172.28.0.2,142.251.167.99,QUIC,78,"Protected Payload (KP0), DCID=e2acc364247a54a1",facebook
4.738479607,142.251.167.99,172.28.0.2,QUIC,1259,"Protected Payload (KP0), DCID=80420b",facebook
4.738529421,142.251.167.99,172.28.0.2,QUIC,161,"Protected Payload (KP0), DCID=80420b",facebook
4.738664664,172.28.0.2,142.251.167.99,QUIC,73,"Protected Payload (KP0), DCID=e2acc364247a54a1",facebook
4.748532871,157.240.229.35,172.28.0.2,QUIC,90,"Protected Payload (KP0), DCID=b49427",facebook
4.748809535,172.28.0.2,157.240.229.35,QUIC,76,"Protected Payload (KP0), DCID=b52101021363b511",facebook
4.776047105,142.251.167.99,172.28.0.2,QUIC,69,"Protected Payload (KP0), DCID=80420b",facebook
4.856907240,157.240.229.35,172.28.0.2,QUIC,474,"Protected Payload (KP0), DCID=b49427",facebook
4.856958246,157.240.229.35,172.28.0.2,QUIC,1274,"Protected Payload (KP0), DCID=b49427",facebook
4.856964277,157.240.229.35,172.28.0.2,QUIC,1274,"Protected Payload (KP0), DCID=b49427",facebook
4.856969217,157.240.229.35,172.28.0.2,QUIC,1274,"Protected Payload (KP0), DCID=b49427",facebook
4.856973184,157.240.229.35,172.28.0.2,QUIC,1274,"Protected Payload (KP0), DCID=b49427",facebook
4.856977302,157.240.229.35,172.28.0.2,QUIC,1274,"Protected Payload (KP0), DCID=b49427",facebook
4.857870266,172.28.0.2,157.240.229.35,QUIC,81,"Protected Payload (KP0), DCID=b52101021363b511",facebook
4.859029929,157.240.229.35,172.28.0.2,QUIC,1274,"Protected Payload (KP0), DCID=b49427",facebook
4.859076046,157.240.229.35,172.28.0.2,QUIC,1274,"Protected Payload (KP0), DCID=b49427",facebook
4.859082428,157.240.229.35,172.28.0.2,QUIC,1274,"Protected Payload (KP0), DCID=b49427",facebook
4.859086896,157.240.229.35,172.28.0.2,QUIC,1274,"Protected Payload (KP0), DCID=b49427",facebook
4.859230806,157.240.229.35,172.28.0.2,QUIC,1274,"Protected Payload (KP0), DCID=b49427",facebook
4.859263507,172.28.0.2,157.240.229.35,QUIC,76,"Protected Payload (KP0), DCID=b52101021363b511",facebook
4.859604186,157.240.229.35,172.28.0.2,QUIC,1274,"Protected Payload (KP0), DCID=b49427",facebook
4.859704464,157.240.229.35,172.28.0.2,QUIC,1274,"Protected Payload (KP0), DCID=b49427",facebook
4.859710846,157.240.229.35,172.28.0.2,QUIC,1274,"Protected Payload (KP0), DCID=b49427",facebook
4.859867469,172.28.0.2,157.240.229.35,QUIC,76,"Protected Payload (KP0), DCID=b52101021363b511",facebook
4.860133077,157.240.229.35,172.28.0.2,QUIC,1274,"Protected Payload (KP0), DCID=b49427",facebook
4.860172180,157.240.229.35,172.28.0.2,QUIC,1274,"Protected Payload (KP0), DCID=b49427",facebook
4.860397523,172.28.0.2,157.240.229.35,QUIC,76,"Protected Payload (KP0), DCID=b52101021363b511",facebook
4.862408262,157.240.229.35,172.28.0.2,QUIC,1274,"Protected Payload (KP0), DCID=b49427",facebook
4.862447956,157.240.229.35,172.28.0.2,QUIC,1274,"Protected Payload (KP0), DCID=b49427",facebook
4.862454328,157.240.229.35,172.28.0.2,QUIC,602,"Protected Payload (KP0), DCID=b49427",facebook
4.862600622,172.28.0.2,157.240.229.35,QUIC,76,"Protected Payload (KP0), DCID=b52101021363b511",facebook
4.869842577,172.28.0.2,192.168.65.7,DNS,76,Standard query 0xfe7b A www.facebook.com,facebook
4.869950309,172.28.0.2,157.240.229.35,QUIC,1399,"Protected Payload (KP0), DCID=b52101021363b511",facebook
4.870196520,172.28.0.2,157.240.229.35,QUIC,1111,"Protected Payload (KP0), DCID=b52101021363b511",facebook
4.870268475,172.28.0.2,157.240.229.35,QUIC,77,"Protected Payload (KP0), DCID=b52101021363b511",facebook
4.872784491,192.168.65.7,172.28.0.2,DNS,176,Standard query response 0xfe7b A www.facebook.com CNAME star-mini.c10r.facebook.com A 157.240.229.35,facebook
4.879923443,172.28.0.2,157.240.229.35,QUIC,1399,"Protected Payload (KP0), DCID=b52101021363b511",facebook
4.880015174,172.28.0.2,157.240.229.35,QUIC,1271,"Protected Payload (KP0), DCID=b52101021363b511",facebook
4.893421594,157.240.229.35,172.28.0.2,QUIC,90,"Protected Payload (KP0), DCID=b49427",facebook
4.902970545,157.240.229.35,172.28.0.2,QUIC,90,"Protected Payload (KP0), DCID=b49427",facebook
4.903022562,157.240.229.35,172.28.0.2,QUIC,90,"Protected Payload (KP0), DCID=b49427",facebook
4.903028103,157.240.229.35,172.28.0.2,QUIC,90,"Protected Payload (KP0), DCID=b49427",facebook
4.903032070,157.240.229.35,172.28.0.2,QUIC,90,"Protected Payload (KP0), DCID=b49427",facebook
4.903463627,172.28.0.2,157.240.229.35,QUIC,77,"Protected Payload (KP0), DCID=b52101021363b511",facebook
4.926473973,157.240.229.35,172.28.0.2,QUIC,90,"Protected Payload (KP0), DCID=b49427",facebook
4.940193083,172.28.0.2,31.13.66.35,QUIC,344,"Protected Payload (KP0), DCID=a22100650f24537f",facebook
4.945580887,157.240.229.35,172.28.0.2,QUIC,282,"Protected Payload (KP0), DCID=b49427",facebook
4.946166059,172.28.0.2,157.240.229.35,QUIC,82,"Protected Payload (KP0), DCID=b52101021363b511",facebook
4.956032458,31.13.66.35,172.28.0.2,QUIC,90,"Protected Payload (KP0), DCID=6a1644",facebook
4.956364665,172.28.0.2,31.13.66.35,QUIC,76,"Protected Payload (KP0), DCID=a22100650f24537f",facebook
4.987329036,157.240.229.35,172.28.0.2,QUIC,90,"Protected Payload (KP0), DCID=b49427",facebook
4.991864597,31.13.66.35,172.28.0.2,QUIC,346,"Protected Payload (KP0), DCID=6a1644",facebook
4.992703039,172.28.0.2,31.13.66.35,QUIC,82,"Protected Payload (KP0), DCID=a22100650f24537f",facebook
5.028631629,31.13.66.35,172.28.0.2,QUIC,90,"Protected Payload (KP0), DCID=6a1644",facebook
5.078260710,172.28.0.2,31.13.66.19,QUIC,246,"Protected Payload (KP0), DCID=b82400370ddf15bb",facebook
5.082970673,172.28.0.2,31.13.66.19,QUIC,77,"Protected Payload (KP0), DCID=b82400370ddf15bb",facebook
5.095236214,31.13.66.19,172.28.0.2,QUIC,90,"Protected Payload (KP0), DCID=57e92f",facebook
5.096332599,172.28.0.2,31.13.66.19,QUIC,77,"Protected Payload (KP0), DCID=b82400370ddf15bb",facebook
5.104225694,31.13.66.19,172.28.0.2,QUIC,378,"Protected Payload (KP0), DCID=57e92f",facebook
5.104348875,31.13.66.19,172.28.0.2,QUIC,1274,"Protected Payload (KP0), DCID=57e92f",facebook
5.104366398,31.13.66.19,172.28.0.2,QUIC,1274,"Protected Payload (KP0), DCID=57e92f",facebook
5.104468990,31.13.66.19,172.28.0.2,QUIC,1274,"Protected Payload (KP0), DCID=57e92f",facebook
5.104509827,31.13.66.19,172.28.0.2,QUIC,762,"Protected Payload (KP0), DCID=57e92f",facebook
5.104525786,31.13.66.19,172.28.0.2,QUIC,90,"Protected Payload (KP0), DCID=57e92f",facebook
5.104981516,172.28.0.2,31.13.66.19,QUIC,81,"Protected Payload (KP0), DCID=b82400370ddf15bb",facebook
5.134527272,31.13.66.19,172.28.0.2,QUIC,90,"Protected Payload (KP0), DCID=57e92f",facebook
6.096137984,172.28.0.2,192.168.65.7,DNS,76,Standard query 0xa914 A www.facebook.com,facebook
6.096442064,172.28.0.2,157.240.229.35,QUIC,1399,"Protected Payload (KP0), DCID=b52101021363b511",facebook
6.096524729,172.28.0.2,157.240.229.35,QUIC,1160,"Protected Payload (KP0), DCID=b52101021363b511",facebook
6.098597359,192.168.65.7,172.28.0.2,DNS,176,Standard query response 0xa914 A www.facebook.com CNAME star-mini.c10r.facebook.com A 157.240.229.35,facebook
6.115403764,157.240.229.35,172.28.0.2,QUIC,90,"Protected Payload (KP0), DCID=b49427",facebook
6.115704104,172.28.0.2,157.240.229.35,QUIC,77,"Protected Payload (KP0), DCID=b52101021363b511",facebook
6.148850469,157.240.229.35,172.28.0.2,QUIC,314,"Protected Payload (KP0), DCID=b49427",facebook
6.149281883,172.28.0.2,157.240.229.35,QUIC,84,"Protected Payload (KP0), DCID=b52101021363b511",facebook
6.187239562,157.240.229.35,172.28.0.2,QUIC,90,"Protected Payload (KP0), DCID=b49427",facebook
